data,casosAcumulado,casosNovos,obitosAcumulado,obitosNovos,mediamovelcaso,mediamovelobito,crescimentoobito,crescimentocasos
2020-02-25,0.0,0,0,0,,,,0.0
2020-02-26,1.0,1,0,0,,,,0.0
2020-02-27,1.0,0,0,0,,,,0.0
2020-02-28,1.0,0,0,0,,,,0.0
2020-02-29,2.0,1,0,0,,,,0.3010299956639812
2020-03-01,2.0,0,0,0,,,,0.3010299956639812
2020-03-02,2.0,0,0,0,,,,0.3010299956639812
2020-03-03,2.0,0,0,0,,,,0.3010299956639812
2020-03-04,3.0,1,0,0,,,,0.47712125471966244
2020-03-05,7.0,4,0,0,,,,0.8450980400142568
2020-03-06,13.0,6,0,0,,,,1.1139433523068367
2020-03-07,19.0,6,0,0,,,,1.2787536009528289
2020-03-08,25.0,6,0,0,,,,1.3979400086720377
2020-03-09,25.0,0,0,0,1.7857142857142858,0.0,,1.3979400086720377
2020-03-10,34.0,9,0,0,2.4285714285714284,0.0,,1.5314789170422551
2020-03-11,52.0,18,0,0,3.642857142857143,0.0,,1.7160033436347992
2020-03-12,77.0,25,0,0,5.428571428571429,0.0,,1.8864907251724818
2020-03-13,98.0,21,0,0,6.928571428571429,0.0,,1.9912260756924949
2020-03-14,121.0,23,0,0,8.5,0.0,,2.08278537031645
2020-03-15,200.0,79,0,0,14.142857142857142,0.0,,2.3010299956639813
2020-03-16,234.0,34,0,0,16.571428571428573,0.0,,2.369215857410143
2020-03-17,291.0,57,1,1,20.642857142857142,0.07142857142857142,,2.4638929889859074
2020-03-18,428.0,137,4,3,30.357142857142858,0.2857142857142857,,2.6314437690131722
2020-03-19,621.0,193,6,2,43.857142857142854,0.42857142857142855,,2.79309160017658
2020-03-20,904.0,283,11,5,63.642857142857146,0.7857142857142857,,2.9561684304753633
2020-03-21,1128.0,224,18,7,79.21428571428571,1.2857142857142858,,3.0523090996473234
2020-03-22,1546.0,418,25,7,108.64285714285714,1.7857142857142858,,3.189209489582306
2020-03-23,1891.0,345,34,9,133.28571428571428,2.4285714285714284,inf,3.27669152884504
2020-03-24,2201.0,310,46,12,154.78571428571428,3.2857142857142856,inf,3.342620042553348
2020-03-25,2433.0,232,57,11,170.07142857142858,4.071428571428571,inf,3.3861421089308186
2020-03-26,2915.0,482,77,20,202.71428571428572,5.5,inf,3.464638559095033
2020-03-27,3417.0,502,92,15,237.07142857142858,6.571428571428571,inf,3.5336449787987627
2020-03-28,3903.0,486,114,22,270.14285714285717,8.142857142857142,inf,3.5913985512812485
2020-03-29,4256.0,353,136,22,289.7142857142857,9.714285714285714,inf,3.6290016192869916
2020-03-30,4579.0,323,159,23,310.35714285714283,11.357142857142858,inf,3.660770643527697
2020-03-31,5717.0,1138,201,42,387.57142857142856,14.285714285714286,199.00000000000003,3.7571681922142726
2020-04-01,6834.0,1117,241,40,457.57142857142856,16.928571428571427,58.25,3.834674974462744
2020-04-02,7910.0,1076,299,58,520.6428571428571,20.928571428571427,47.833333333333336,3.8981764834976764
2020-04-03,9056.0,1146,359,60,582.2857142857143,24.857142857142858,30.63636363636364,3.956936413844196
2020-04-04,10278.0,1222,432,73,653.5714285714286,29.571428571428573,22.0,4.011908613349154
2020-04-05,11130.0,852,486,54,684.5714285714286,32.92857142857143,17.44,4.046495164334709
2020-04-06,12056.0,926,553,67,726.0714285714286,37.07142857142857,14.26470588235294,4.081203239306576
2020-04-07,13717.0,1661,667,114,822.5714285714286,44.357142857142854,12.5,4.137259138636768
2020-04-08,15927.0,2210,800,133,963.8571428571429,53.07142857142857,12.035087719298247,4.202133980060819
2020-04-09,17857.0,1930,941,141,1067.2857142857142,61.714285714285715,10.220779220779221,4.2518084986240465
2020-04-10,19638.0,1781,1056,115,1158.642857142857,68.85714285714286,9.478260869565219,4.293097255691648
2020-04-11,20727.0,1089,1124,68,1201.7142857142858,72.14285714285714,7.859649122807018,4.316536447403556
2020-04-12,22169.0,1442,1223,99,1279.5,77.64285714285714,6.99264705882353,4.345746103386169
2020-04-13,23430.0,1261,1328,105,1346.5,83.5,6.352201257861634,4.3697722885969625
2020-04-14,25262.0,1832,1532,204,1396.0714285714287,95.07142857142857,5.654999999999999,4.40246773080283
2020-04-15,28320.0,3058,1736,204,1534.7142857142858,106.78571428571429,5.308016877637131,4.452093249017731
2020-04-16,30425.0,2105,1924,188,1608.2142857142858,116.07142857142857,4.546075085324232,4.483230586902103
2020-04-17,33682.0,3257,2141,217,1759.0,127.28571428571429,4.120689655172414,4.527397871520467
2020-04-18,36599.0,2917,2347,206,1880.0714285714287,136.78571428571428,3.625603864734299,4.563469219262854
2020-04-19,38654.0,2055,2462,115,1966.0,141.14285714285714,3.286334056399132,4.587194442317501
2020-04-20,40581.0,1927,2575,113,2037.5,144.42857142857142,2.8959537572254335,4.608322744745895
2020-04-21,43079.0,2498,2741,166,2097.285714285714,148.14285714285714,2.3397745571658617,4.63426561339283
2020-04-22,45757.0,2678,2906,165,2130.714285714286,150.42857142857142,1.8344549125168235,4.660457542748348
2020-04-23,49492.0,3735,3313,407,2259.6428571428573,169.42857142857142,1.74537037037037,4.694535004253942
2020-04-24,52995.0,3503,3670,357,2382.6428571428573,186.71428571428572,1.7116182572614107,4.724234896490526
2020-04-25,58509.0,5514,4016,346,2698.714285714286,206.57142857142858,1.8633663366336637,4.767222675478806
2020-04-26,61888.0,3379,4205,189,2837.0714285714284,213.0,1.7433302667893287,4.791606448066889
2020-04-27,66501.0,4613,4543,338,3076.5,229.64285714285714,1.750213857998289,4.82282817599809
2020-04-28,71886.0,5385,5017,474,3330.285714285714,248.92857142857142,1.6183320811419983,4.856644318550217
2020-04-29,78162.0,6276,5466,449,3560.1428571428573,266.42857142857144,1.4949832775919734,4.8929956635286675
2020-04-30,85380.0,7218,5901,435,3925.3571428571427,284.07142857142856,1.4473846153846155,4.931356150467928
2020-05-01,91299.0,5919,6329,428,4115.5,299.14285714285717,1.3501683501683504,4.960466020723124
2020-05-02,96396.0,5097,6724,395,4271.214285714285,312.64285714285717,1.2856396866840734,4.98405901301103
2020-05-03,101147.0,4751,7025,301,4463.785714285715,325.92857142857144,1.3092105263157896,5.004953006209472
2020-05-04,107780.0,6633,7321,296,4799.928571428572,339.0,1.3471810089020773,5.032538179260007
2020-05-05,114715.0,6935,7921,600,5116.857142857143,370.0,1.497589199614272,5.059620209455768
2020-05-06,125218.0,10503,8535,614,5675.785714285715,402.07142857142856,1.6728395061728396,5.097666762890238
2020-05-07,135106.0,9888,9146,611,6115.285714285715,416.64285714285717,1.4591062394603713,5.130674636283541
2020-05-08,145328.0,10222,9895,749,6595.214285714285,444.64285714285717,1.3814078041315991,5.162349296844307
2020-05-09,155939.0,10611,10627,732,6959.285714285715,472.2142857142857,1.2859612724757952,5.192954744865582
2020-05-10,162699.0,6760,11123,496,7200.785714285715,494.14285714285717,1.319919517102616,5.211384883632516
2020-05-11,168331.0,5632,11519,396,7273.571428571428,498.2857142857143,1.169828926905132,5.2261641034337645
2020-05-12,177589.0,9258,12400,881,7550.214285714285,527.3571428571429,1.1185078909612627,5.249416061739593
2020-05-13,188974.0,11385,13149,749,7915.142857142857,548.7857142857143,1.0597855227882038,5.276402055849035
2020-05-14,202918.0,13944,13993,844,8395.57142857143,578.0,1.0346995222529547,5.307320573174026
2020-05-15,218223.0,15305,14817,824,9066.0,606.2857142857143,1.0267430754536773,5.3389005219016035
2020-05-16,233142.0,14919,15633,816,9767.57142857143,636.3571428571429,1.0354123829106694,5.367620517729761
2020-05-17,241080.0,7938,16118,485,9995.214285714286,649.5,0.9927679158448388,5.382161182795874
2020-05-18,254220.0,13140,16792,674,10460.0,676.5,0.995575221238938,5.405209714384633
2020-05-19,271628.0,17408,17971,1179,11208.07142857143,717.8571428571429,0.9401544401544403,5.433974535927756
2020-05-20,291579.0,19951,18859,888,11882.92857142857,737.4285714285714,0.8340735476994139,5.464756242168099
2020-05-21,310087.0,18508,20047,1188,12498.642857142857,778.6428571428571,0.8688496485513456,5.491483559379506
2020-05-22,330890.0,20803,21046,999,13254.42857142857,796.5,0.7913253012048191,5.519683642317171
2020-05-23,347398.0,16508,22013,967,13675.642857142857,813.2857142857143,0.7222810467402814,5.540827313847798
2020-05-24,363211.0,15813,22666,653,14322.285714285714,824.5,0.6685458224920496,5.560158992841778
2020-05-25,374898.0,11687,23473,807,14754.785714285714,853.8571428571429,0.7135894495412844,5.573913123560306
2020-05-26,391222.0,16324,24512,1039,15259.5,865.1428571428571,0.6405255316267099,5.5924232689426425
2020-05-27,411821.0,20599,25598,1086,15917.642857142857,889.2142857142857,0.6203306000260312,5.614708488837581
2020-05-28,438238.0,26417,26754,1156,16808.571428571428,911.5,0.5769896193771626,5.641710032911561
2020-05-29,465166.0,26928,27878,1124,17638.785714285714,932.9285714285714,0.5387606032045239,5.667607963683213
2020-05-30,498440.0,33274,28834,956,18949.85714285714,942.9285714285714,0.4817600179593669,5.697612887347364
2020-05-31,514200.0,15760,29314,480,19508.571428571428,942.5714285714286,0.4512262179698669,5.7111320723068415
2020-06-01,526447.0,12247,29937,623,19444.785714285714,938.9285714285714,0.38792102206736356,5.721354655167945
2020-06-02,555383.0,28936,31199,1262,20268.214285714286,944.8571428571429,0.3162189054726368,5.744592582077569
2020-06-03,584016.0,28633,32548,1349,20888.35714285714,977.7857142857143,0.3259395583107323,5.766424745428366
2020-06-04,614941.0,30925,34021,1473,21775.285714285714,998.1428571428571,0.28190074305109625,5.788833449753303
2020-06-05,645771.0,30830,35026,1005,22491.5,998.5714285714286,0.2536992198009147,5.810078538013497
2020-06-06,672846.0,27075,35930,904,23246.285714285714,994.0714285714286,0.22229053223256623,5.827915674917169
2020-06-07,691758.0,18912,36455,525,23467.64285714286,984.9285714285714,0.1945767997920818,5.839954190343911
2020-06-08,707412.0,15654,37134,679,23751.0,975.7857142857143,0.14279738999498076,5.849672422583031
2020-06-09,739503.0,32091,38406,1272,24877.214285714286,992.4285714285714,0.1471268163804492,5.868939940173077
2020-06-10,772416.0,32913,39680,1274,25756.785714285714,1005.8571428571429,0.13117519479476272,5.887851261274811
2020-06-11,802828.0,30412,40919,1239,26042.14285714286,1011.7857142857143,0.11002272549173267,5.904622510842648
2020-06-12,828810.0,25982,41828,909,25974.571428571428,996.4285714285714,0.06806523237118138,5.918454982409144
2020-06-13,850514.0,21704,42720,892,25148.14285714286,991.8571428571429,0.05189000833270208,5.92968146677011
2020-06-14,867624.0,17110,43332,612,25244.571428571428,1001.2857142857143,0.062291603516217105,5.9383315568546085
2020-06-15,888271.0,20647,43959,627,25844.571428571428,1001.5714285714286,0.06671738303537462,5.948545483626957
2020-06-16,923189.0,34918,45241,1282,26271.85714285714,1003.0,0.06153613547021466,5.965290621128205
2020-06-17,955377.0,32188,46510,1269,26525.785714285714,997.2857142857143,0.019943019943019943,5.980174781752318
2020-06-18,978142.0,22765,47748,1238,25942.928571428572,980.5,-0.01767568341205092,5.990401907282296
2020-06-19,1032913.0,54771,48954,1206,27653.0,994.8571428571429,-0.0037195994277538853,6.0
2020-06-20,1067579.0,34666,49976,1022,28195.214285714286,1003.2857142857143,0.009269239060142338,6.0
2020-06-21,1085038.0,17459,50617,641,28091.428571428572,1011.5714285714286,0.02705054753789249,6.0
2020-06-22,1106470.0,21432,51271,654,28504.14285714286,1009.7857142857143,0.03484371568699217,6.0
2020-06-23,1145906.0,39436,52645,1374,29028.785714285714,1017.0714285714286,0.024830862242694655,6.0
2020-06-24,1188631.0,42725,53830,1185,29729.64285714286,1010.7142857142857,0.004828859536997505,6.0
2020-06-25,1228114.0,39483,54971,1141,30377.571428571428,1003.7142857142857,-0.007977409106953855,6.0
2020-06-26,1274974.0,46860,55961,990,31868.85714285714,1009.5,0.013118279569892456,6.0
2020-06-27,1313667.0,38693,57070,1109,33082.357142857145,1025.0,0.033414950309664376,6.0
2020-06-28,1344143.0,30476,57622,552,34037.07142857143,1020.7142857142857,0.0194036239121129,6.0
2020-06-29,1368195.0,24052,58314,692,34280.28571428572,1025.357142857143,0.023748395378690678,6.0
2020-06-30,1402041.0,33846,59594,1280,34203.71428571428,1025.2142857142858,0.022147842187722613,6.0
2020-07-01,1448753.0,46712,60632,1038,35241.142857142855,1008.7142857142857,0.01145967626414544,6.0
2020-07-02,1496858.0,48105,61884,1252,37051.142857142855,1009.7142857142857,0.029795293946237294,6.0
2020-07-03,1539081.0,42223,63174,1290,36154.857142857145,1015.7142857142857,0.0209649626651349,6.0
2020-07-04,1577004.0,37923,64265,1091,36387.5,1020.6428571428571,0.0173002990175138,6.0
2020-07-05,1603055.0,26051,64867,602,37001.21428571428,1017.8571428571429,0.006213811608529917,6.0
2020-07-06,1623284.0,20229,65487,620,36915.28571428572,1015.4285714285714,0.00558817287967741,6.0
2020-07-07,1668589.0,45305,66741,1254,37334.5,1006.8571428571429,-0.010042840087084719,6.0
2020-07-08,1713160.0,44571,67964,1223,37466.357142857145,1009.5714285714286,-0.0011307420494699326,6.0
2020-07-09,1755779.0,42619,69184,1220,37690.357142857145,1015.2142857142857,0.011457443780244806,6.0
2020-07-10,1800827.0,45048,70398,1214,37560.92857142857,1031.2142857142858,0.021509941272199882,6.0
2020-07-11,1839850.0,39023,71469,1071,37584.5,1028.5,0.0034146341463414634,6.0
2020-07-12,1864681.0,24831,72100,631,37181.28571428572,1034.142857142857,0.013156053184044803,6.0
2020-07-13,1884967.0,20286,72833,733,36912.28571428572,1037.0714285714287,0.011424590734935626,6.0
2020-07-14,1926824.0,41857,74133,1300,37484.5,1038.5,0.0129589632829373,6.0
2020-07-15,1966748.0,39924,75366,1233,36999.642857142855,1052.4285714285713,0.04333663786999004,6.0
2020-07-16,2012151.0,45403,76688,1322,36806.642857142855,1057.4285714285713,0.04725523486134687,6.0
2020-07-17,2046328.0,34177,77851,1163,36231.92857142857,1048.357142857143,0.032137834036568294,6.0
2020-07-18,2074860.0,28532,78772,921,35561.142857142855,1036.2142857142858,0.01525649100706847,6.0
2020-07-19,2098389.0,23529,79488,716,35381.0,1044.357142857143,0.026035087719298244,6.0
2020-07-20,2118646.0,20257,80120,632,35383.0,1045.2142857142858,0.029333145751266228,6.0
2020-07-21,2159654.0,41008,81487,1367,35076.07142857143,1053.2857142857142,0.04611237230419968,6.0
2020-07-22,2227514.0,67860,82771,1284,36739.57142857143,1057.642857142857,0.04761567850573085,6.0
2020-07-23,2287475.0,59961,84082,1311,37978.28571428572,1064.142857142857,0.04819531414901852,6.0
2020-07-24,2343366.0,55891,85238,1156,38752.78571428572,1060.0,0.027914386645424887,6.0
2020-07-25,2394513.0,51147,86449,1211,39618.78571428572,1070.0,0.040350024307243555,6.0
2020-07-26,2419091.0,24578,87004,555,39600.71428571428,1064.5714285714287,0.0294239535847494,6.0
2020-07-27,2442375.0,23284,87618,614,39814.857142857145,1056.0714285714287,0.018320820993181348,6.0
2020-07-28,2483191.0,40816,88539,921,39740.5,1029.0,-0.0091478093403948,6.0
2020-07-29,2552265.0,69074,90134,1595,41822.642857142855,1054.857142857143,0.002307587891950714,6.0
2020-07-30,2610102.0,57837,91263,1129,42710.78571428572,1041.0714285714287,-0.01546879221831919,6.0
2020-07-31,2662485.0,52383,92475,1212,44011.21428571428,1044.5714285714287,-0.003611092185051379,6.0
2020-08-01,2707877.0,45392,93563,1088,45215.5,1056.5,0.01957675604880396,6.0
2020-08-02,2733677.0,25800,94104,541,45377.71428571428,1044.0,-0.0003419738731961189,6.0
2020-08-03,2750318.0,16641,94665,561,45119.42857142857,1038.9285714285713,-0.006013804414679305,6.0
2020-08-04,2801921.0,51603,95819,1154,45876.21428571428,1023.7142857142857,-0.02807541028075409,6.0
2020-08-05,2857597.0,55676,97240,1421,45005.92857142857,1033.5,-0.02282704126426687,6.0
2020-08-06,2912212.0,54615,98493,1253,44624.07142857143,1029.357142857143,-0.03268895153711902,6.0
2020-08-07,2962442.0,50230,99572,1079,44219.71428571428,1023.8571428571429,-0.03409703504043124,6.0
2020-08-08,3012412.0,49970,100477,905,44135.642857142855,1002.0,-0.06355140186915888,6.0
2020-08-09,3035422.0,23010,101049,572,44023.642857142855,1003.2142857142857,-0.05763553408480958,6.0
2020-08-10,3057470.0,22048,101752,703,43935.357142857145,1009.5714285714286,-0.04403111261413605,6.0
2020-08-11,3109630.0,52160,103026,1274,44745.642857142855,1034.7857142857142,0.005622657226155705,6.0
2020-08-12,3164785.0,55155,104201,1175,43751.42857142857,1004.7857142857143,-0.04746749729144094,6.0
2020-08-13,3224876.0,60091,105463,1262,43912.42857142857,1014.2857142857143,-0.025728987993138983,6.0
2020-08-14,3275520.0,50644,106523,1060,43788.21428571428,1003.4285714285714,-0.03938730853391692,6.0
2020-08-15,3317096.0,41576,107232,709,43515.642857142855,976.3571428571429,-0.07585694003109997,6.0
2020-08-16,3340197.0,23101,107852,620,43322.857142857145,982.0,-0.05938697318007663,6.0
2020-08-17,3359570.0,19373,108536,684,43518.0,990.7857142857143,-0.04633894809212774,6.0
2020-08-18,3407354.0,47784,109888,1352,43245.21428571428,1004.9285714285714,-0.018350544236673115,6.0
2020-08-19,3456652.0,49298,111100,1212,42789.642857142855,990.0,-0.0420899854862119,6.0
2020-08-20,3501975.0,45323,112304,1204,42125.92857142857,986.5,-0.041634862257997396,6.0
2020-08-21,3532330.0,30355,113358,1054,40706.28571428572,984.7142857142857,-0.0382307799637227,6.0
2020-08-22,3582362.0,50032,114250,892,40710.71428571428,983.7857142857143,-0.018177929854576513,6.0
2020-08-23,3605783.0,23421,114744,494,40740.07142857143,978.2142857142857,-0.02491990032039872,6.0
2020-08-24,3622861.0,17078,115309,565,40385.07142857143,968.3571428571429,-0.040823546059148105,6.0
2020-08-25,3669995.0,47134,116580,1271,40026.07142857143,968.1428571428571,-0.06440256781942429,6.0
2020-08-26,3717156.0,47161,117665,1085,39455.07142857143,961.7142857142857,-0.04286628278950745,6.0
2020-08-27,3761391.0,44235,118649,984,38322.5,941.8571428571429,-0.07140845070422537,6.0
2020-08-28,3804803.0,43412,119504,855,37805.92857142857,927.2142857142857,-0.0759538724373577,6.0
2020-08-29,3846153.0,41350,120462,958,37789.78571428572,945.0,-0.03211646792011123,6.0
2020-08-30,3862311.0,16158,120828,366,37293.857142857145,926.8571428571429,-0.05615362234506834,6.0
2020-08-31,3908272.0,45961,121381,553,39193.0,917.5,-0.07396726984355854,6.0
2020-09-01,3950931.0,42659,122596,1215,38826.92857142857,907.7142857142857,-0.096737507996304,6.0
2020-09-02,3997865.0,46934,123780,1184,38658.07142857143,905.7142857142857,-0.08513708513708519,6.0
2020-09-03,4041638.0,43773,124614,834,38547.357142857145,879.2857142857143,-0.10868148577221051,6.0
2020-09-04,4092832.0,51194,125521,907,40035.857142857145,868.7857142857143,-0.11772812998694318,6.0
2020-09-05,4123000.0,30168,126203,682,38617.0,853.7857142857143,-0.13214259783634646,6.0
2020-09-06,4137521.0,14521,126650,447,37981.28571428572,850.4285714285714,-0.13063161737860526,6.0
2020-09-07,4147794.0,10273,126960,310,37495.21428571428,832.2142857142857,-0.14059157630744273,6.0
2020-09-08,4162073.0,14279,127464,504,35148.42857142857,777.4285714285714,-0.19698981850376268,6.0
2020-09-09,4197889.0,35816,128539,1075,34338.07142857143,776.7142857142857,-0.1923648247177659,6.0
2020-09-10,4238446.0,40557,129522,983,34075.357142857145,776.6428571428571,-0.17541331715455794,6.0
2020-09-11,4282164.0,43718,130396,874,34097.21428571428,778.0,-0.16092750943686923,6.0
2020-09-12,4315687.0,33523,131210,814,33538.142857142855,767.7142857142857,-0.18760393046107338,6.0
2020-09-13,4330455.0,14768,131625,415,33438.857142857145,771.2142857142857,-0.16792540073982745,6.0
2020-09-14,4345610.0,15155,132006,381,31238.428571428572,758.9285714285714,-0.17282989490073958,6.0
2020-09-15,4382263.0,36653,133119,1113,30809.428571428572,751.6428571428571,-0.17193893610324204,6.0
2020-09-16,4419083.0,36820,134106,987,30087.0,737.5714285714286,-0.18564668769716086,6.0
2020-09-17,4455386.0,36303,134935,829,29553.428571428572,737.2142857142857,-0.16157595450852974,6.0
2020-09-18,4495183.0,39797,135793,858,28739.35714285714,733.7142857142857,-0.15547151196250936,6.0
2020-09-19,4528240.0,33057,136532,739,28945.714285714286,737.7857142857143,-0.1358654731029867,6.0
2020-09-20,4544629.0,16389,136895,363,29079.14285714286,731.7857142857143,-0.1395094910129346,6.0
2020-09-21,4558068.0,13439,137272,377,29305.285714285714,736.5714285714286,-0.11492575744571278,6.0
2020-09-22,4591604.0,33536,138108,836,30680.785714285714,760.2857142857143,-0.022050716648291026,6.0
2020-09-23,4624885.0,33281,138977,869,30499.714285714286,745.5714285714286,-0.04009564097848074,6.0
2020-09-24,4657702.0,32817,139808,831,29946.85714285714,734.7142857142857,-0.053986940126919916,6.0
2020-09-25,4689613.0,31911,140537,729,29103.5,724.3571428571429,-0.06894968784428934,6.0
2020-09-26,4717991.0,28378,141406,869,28736.0,728.2857142857143,-0.05135839225902481,6.0
2020-09-27,4732309.0,14318,141741,335,28703.85714285714,722.5714285714286,-0.06307307585440396,6.0
2020-09-28,4745464.0,13155,142058,317,28561.0,718.0,-0.0539294117647059,6.0
2020-09-29,4777522.0,32058,142921,863,28232.785714285714,700.1428571428571,-0.06851658272355793,6.0
2020-09-30,4810935.0,33413,143952,1031,27989.428571428572,703.2857142857143,-0.046484601975595494,6.0
2020-10-01,4847092.0,36157,144680,728,27979.0,696.0714285714286,-0.05580854568355775,6.0
2020-10-02,4880523.0,33431,145388,708,27524.285714285714,685.3571428571429,-0.06590732087227404,6.0
2020-10-03,4906833.0,26310,145987,599,27042.35714285714,675.3571428571429,-0.08461612934456386,6.0
2020-10-04,4915289.0,8456,146352,365,26475.714285714286,675.5,-0.07691556857003422,6.0
2020-10-05,4927235.0,11946,146675,323,26369.071428571428,671.6428571428571,-0.0881497284716835,6.0
2020-10-06,4969141.0,41906,147494,819,26966.928571428572,670.4285714285714,-0.11818865088312668,6.0
2020-10-07,5000694.0,31553,148228,734,26843.5,660.7857142857143,-0.11371910327648967,6.0
2020-10-08,5028444.0,27750,148957,729,26481.571428571428,653.5,-0.11053859615010689,6.0
2020-10-09,5055888.0,27444,149639,682,26162.5,650.1428571428571,-0.10245537915392967,6.0
2020-10-10,5082637.0,26749,150198,559,26046.14285714286,628.0,-0.1377010592389173,6.0
2020-10-11,5094979.0,12342,150488,290,25905.0,624.7857142857143,-0.13533017002767883,6.0
2020-10-12,5103408.0,8429,150689,201,25567.428571428572,616.5,-0.1413649025069638,6.0
2020-10-13,5113628.0,10220,150998,309,24007.571428571428,576.9285714285714,-0.17598449296062021,6.0
2020-10-14,5140863.0,27235,151747,749,23566.285714285714,556.7857142857143,-0.2083079423115986,6.0
2020-10-15,5169386.0,28523,152460,713,23021.0,555.7142857142857,-0.20164186762442282,6.0
2020-10-16,5200300.0,30914,153214,754,22841.214285714286,559.0,-0.18436685773840547,6.0
2020-10-17,5224362.0,24062,153675,461,22680.64285714286,549.1428571428571,-0.18688524590163944,6.0
2020-10-18,5235344.0,10982,153905,230,22861.071428571428,539.5,-0.20133234641006661,6.0
2020-10-19,5250727.0,15383,154176,271,23106.571428571428,535.7857142857143,-0.2022758694033818,6.0
2020-10-20,5273954.0,23227,154837,661,21772.35714285714,524.5,-0.21766460686128278,6.0
2020-10-21,5298772.0,24818,155403,566,21291.285714285714,512.5,-0.2244081720895039,6.0
2020-10-22,5323630.0,24858,155900,497,21084.714285714286,495.92857142857144,-0.24111924800524645,6.0
2020-10-23,5353656.0,30026,156471,571,21269.14285714286,488.0,-0.24939573720061523,6.0
2020-10-24,5380635.0,26979,156903,432,21285.571428571428,478.92857142857144,-0.23737488626023656,6.0
2020-10-25,5394128.0,13493,157134,231,21367.785714285714,474.7142857142857,-0.24019663884760495,6.0
2020-10-26,5409854.0,15726,157397,263,21889.0,479.14285714285717,-0.2228015293708724,6.0
2020-10-27,5439641.0,29787,157946,549,23286.64285714286,496.2857142857143,-0.1397796211464653,6.0
2020-10-28,5468270.0,28629,158456,510,23386.214285714286,479.2142857142857,-0.13932007697241827,6.0
2020-10-29,5494376.0,26106,158969,513,23213.571428571428,464.92857142857144,-0.1633676092544986,6.0
2020-10-30,5516658.0,22282,159477,508,22597.0,447.35714285714283,-0.19971888576539742,6.0
2020-10-31,5535605.0,18947,159884,407,22231.64285714286,443.5,-0.19237773152965656,6.0
2020-11-01,5545705.0,10100,160074,190,22168.64285714286,440.64285714285717,-0.1832384482986892,6.0
2020-11-02,5554206.0,8501,160253,179,21677.071428571428,434.07142857142856,-0.18984135448606862,6.0
2020-11-03,5566049.0,11843,160496,243,20863.928571428572,404.2142857142857,-0.22933405964864495,6.0
2020-11-04,5590025.0,23976,161106,610,20803.785714285714,407.35714285714283,-0.20515679442508716,6.0
2020-11-05,5612319.0,22294,161736,630,20620.64285714286,416.85714285714283,-0.15944116376206258,6.0
2020-11-06,5633747.0,21428,162038,302,20006.5,397.64285714285717,-0.18515807962529268,6.0
2020-11-07,5653561.0,19814,162269,231,19494.714285714286,383.2857142857143,-0.1997017151379568,6.0
2020-11-08,5664115.0,10554,162397,128,19284.785714285714,375.92857142857144,-0.20809509479386096,6.0
2020-11-09,5675032.0,10917,162628,231,18941.285714285714,373.64285714285717,-0.22018485390578413,6.0
2020-11-10,5700044.0,25012,162829,201,18600.214285714286,348.7857142857143,-0.2972078295912493,6.0
2020-11-11,5748375.0,48331,163373,544,20007.5,351.2142857142857,-0.26710389029661646,6.0
2020-11-12,5781582.0,33207,164281,908,20514.714285714286,379.42857142857144,-0.18389921646950375,6.0
2020-11-13,5810652.0,29070,164737,456,20999.571428571428,375.7142857142857,-0.16014689445952413,6.0
2020-11-14,5848959.0,38307,165658,921,22382.428571428572,412.42857142857144,-0.07005959091641162,6.0
2020-11-15,5863093.0,14134,165798,140,22670.571428571428,408.85714285714283,-0.07213486788782633,6.0
2020-11-16,5876464.0,13371,166014,216,23018.428571428572,411.5,-0.05199934178048376,6.0
2020-11-17,5911758.0,35294,166699,685,24693.5,443.07142857142856,0.09613005831418972,6.0
2020-11-18,5945849.0,34091,167455,756,25416.0,453.5,0.11327371558828693,6.0
2020-11-19,5981767.0,35918,168061,606,26389.14285714286,451.7857142857143,0.08379026730637427,6.0
2020-11-20,6020164.0,38397,168613,552,27601.214285714286,469.64285714285717,0.18106700197592956,6.0
2020-11-21,6052786.0,32622,168989,376,28516.071428571428,480.0,0.2523294819232203,6.0
2020-11-22,6071401.0,18615,169183,194,29091.85714285714,484.7142857142857,0.28937868136044076,6.0
2020-11-23,6087608.0,16207,169485,302,29469.714285714286,489.7857142857143,0.3108392276811316,6.0
2020-11-24,6118708.0,31100,170115,630,29904.571428571428,520.4285714285714,0.4921155027646939,6.0
2020-11-25,6166606.0,47898,170769,654,29873.64285714286,528.2857142857143,0.5041692088671955,6.0
2020-11-26,6204220.0,37614,171460,691,30188.428571428572,512.7857142857143,0.35146837349397597,6.0
2020-11-27,6238350.0,34130,171974,514,30549.85714285714,516.9285714285714,0.3758555133079848,6.0
2020-11-28,6290272.0,51922,172561,587,31522.35714285714,493.07142857142856,0.19553169379979207,6.0
2020-11-29,6314740.0,24468,172833,272,32260.5,502.5,0.22903563941299798,6.0
2020-11-30,6335878.0,21138,173120,287,32815.28571428572,507.57142857142856,0.23346641208123586,6.0
2020-12-01,6386787.0,50909,173817,697,33930.642857142855,508.42857142857144,0.1475092697082058,6.0
2020-12-02,6436650.0,49863,174515,698,35057.21428571428,504.2857142857143,0.11198613954953535,6.0
2020-12-03,6487084.0,50434,175270,755,36094.07142857143,514.9285714285714,0.13976284584980242,6.0
2020-12-04,6533968.0,46884,175964,694,36700.28571428572,525.0714285714286,0.11802281368821284,6.0
2020-12-05,6577177.0,43209,176628,664,37456.5,545.6428571428571,0.1367559523809523,6.0
2020-12-06,6603540.0,26363,176941,313,38009.92857142857,554.1428571428571,0.14323607427055696,6.0
2020-12-07,6623911.0,20371,177317,376,38307.357142857145,559.4285714285714,0.142190462301298,6.0
2020-12-08,6674999.0,51088,178159,842,39735.07142857143,574.5714285714286,0.10403513587702437,6.0
2020-12-09,6728452.0,53453,178995,836,40131.857142857145,587.5714285714286,0.11222282314764724,6.0
2020-12-10,6781799.0,53347,179765,770,41255.642857142855,593.2142857142857,0.15684635743139694,6.0
2020-12-11,6836227.0,54428,180437,672,42705.5,604.5,0.16940721293353597,6.0
2020-12-12,6880127.0,43900,181123,686,42132.5,611.5714285714286,0.24033029117774882,6.0
2020-12-13,6901952.0,21825,181402,279,41943.71428571428,612.0714285714286,0.21805259417199713,6.0
2020-12-14,6927145.0,25193,181835,433,42233.357142857145,622.5,0.22642837039121871,6.0
2020-12-15,6970034.0,42889,182799,964,41660.5,641.5714285714286,0.2618713121663388,6.0
2020-12-16,7040608.0,70574,183735,936,43139.857142857145,658.5714285714286,0.3059490084985836,6.0
2020-12-17,7110434.0,69826,184827,1092,44525.0,682.6428571428571,0.3257039811346926,6.0
2020-12-18,7162978.0,52544,185650,823,44929.28571428572,691.8571428571429,0.3176438579785064,6.0
2020-12-19,7213155.0,50177,186356,706,45427.0,694.8571428571429,0.27346511323471673,6.0
2020-12-20,7238600.0,25445,186764,408,45361.42857142857,701.6428571428571,0.26617684970353184,6.0
2020-12-21,7263619.0,25019,187291,527,45693.42857142857,712.4285714285714,0.27349336057201223,6.0
2020-12-22,7318821.0,55202,188259,968,45987.28571428572,721.4285714285714,0.25559423172550977,6.0
2020-12-23,7365517.0,46696,189220,961,45504.642857142855,730.3571428571429,0.24300996839290065,6.0
2020-12-24,7425593.0,60076,190006,786,45985.28571428572,731.5,0.23311258278145705,6.0
2020-12-25,7448560.0,22967,190488,482,43738.07142857143,717.9285714285714,0.18764031667257478,6.0
2020-12-26,7465806.0,17246,190795,307,41834.21428571428,690.8571428571429,0.12964260686755438,6.0
2020-12-27,7484285.0,18479,191139,344,41595.21428571428,695.5,0.13630528649784107,6.0
2020-12-28,7504833.0,20548,191570,431,41263.42857142857,695.3571428571429,0.11703958691910504,6.0
2020-12-29,7563551.0,58718,192681,1111,42394.07142857143,705.8571428571429,0.10020040080160328,6.0
2020-12-30,7619200.0,55649,193875,1194,41328.0,724.2857142857143,0.09978308026030379,6.0
2020-12-31,7675973.0,56773,194949,1074,40395.642857142855,723.0,0.05911897038819718,6.0
2021-01-01,7700578.0,24605,195411,462,38400.0,697.2142857142857,0.007743134420813428,6.0
2021-01-02,7716405.0,15827,195725,314,35946.42857142857,669.2142857142857,-0.036903782894736954,6.0
2021-01-03,7733746.0,17341,196018,293,35367.57142857143,661.0,-0.057925277410159785,6.0
2021-01-04,7753752.0,20006,196561,543,35009.5,662.1428571428571,-0.07058351714457596,6.0
2021-01-05,7810400.0,56648,197732,1171,35112.78571428572,676.6428571428571,-0.06207920792079215,6.0
2021-01-06,7873830.0,63430,198974,1242,36308.07142857143,696.7142857142857,-0.0460635696821517,6.0
2021-01-07,7961673.0,87843,200498,1524,38291.42857142857,749.4285714285714,0.024509325261204983,6.0
2021-01-08,8013708.0,52035,201460,962,40367.71428571428,783.7142857142857,0.09163267336583415,6.0
2021-01-09,8075998.0,62290,202631,1171,43585.142857142855,845.4285714285714,0.2237386269644334,6.0
2021-01-10,8105790.0,29792,203100,469,44393.21428571428,854.3571428571429,0.22840710691177984,6.0
2021-01-11,8131612.0,25822,203580,480,44769.92857142857,857.8571428571429,0.23369286081150487,6.0
2021-01-12,8195637.0,64025,204690,1110,45149.0,857.7857142857143,0.21523982999392838,6.0
2021-01-13,8256536.0,60899,205964,1274,45524.0,863.5,0.19220907297830367,6.0
2021-01-14,8324294.0,67758,207095,1131,46308.642857142855,867.5714285714286,0.19996048211815845,6.0
2021-01-15,8393492.0,69198,208246,1151,49493.857142857145,916.7857142857143,0.31492674930847264,6.0
2021-01-16,8455059.0,61567,209296,1050,52761.0,969.3571428571429,0.44850037357241984,6.0
2021-01-17,8488099.0,33040,209847,551,53882.357142857145,987.7857142857143,0.49438080829911396,6.0
2021-01-18,8511770.0,23671,210299,452,54144.142857142855,981.2857142857143,0.48198489751887824,6.0
2021-01-19,8573864.0,62094,211491,1192,54533.142857142855,982.7857142857143,0.45244378760688286,6.0
2021-01-20,8638249.0,64385,212831,1340,54601.357142857145,989.7857142857143,0.42064793930695116,6.0
2021-01-21,8697368.0,59119,214147,1316,52549.642857142855,974.9285714285714,0.30089592070148685,6.0
2021-01-22,8753920.0,56552,215243,1096,52872.28571428572,984.5,0.2561975938753191,6.0
2021-01-23,8816254.0,62334,216445,1202,52875.42857142857,986.7142857142857,0.16711726934775253,6.0
2021-01-24,8844577.0,28323,217037,592,52770.5,995.5,0.16520357829612906,6.0
2021-01-25,8871393.0,26816,217664,627,52841.5,1006.0,0.17268942547876764,6.0
2021-01-26,8933356.0,61963,218878,1214,52694.21428571428,1013.4285714285714,0.18144724789741024,6.0
2021-01-27,8996876.0,63520,220161,1283,52881.42857142857,1014.0714285714286,0.1743733973033336,6.0
2021-01-28,9058687.0,61811,221547,1386,52456.642857142855,1032.2857142857142,0.18985674296064542,6.0
2021-01-29,9118513.0,59826,222666,1119,51787.21428571428,1030.0,0.12349045578496293,6.0
2021-01-30,9176975.0,58462,223945,1279,51565.42857142857,1046.357142857143,0.07943408739223344,6.0
2021-01-31,9204731.0,27756,224504,559,51188.0,1046.9285714285713,0.059874177453177954,6.0
2021-02-01,9229322.0,24591,225099,595,51253.71428571428,1057.142857142857,0.0773038287960401,6.0
2021-02-02,9283418.0,54096,226309,1210,50682.42857142857,1058.4285714285713,0.07696780289265193,6.0
2021-02-03,9339420.0,56002,227563,1254,50083.642857142855,1052.2857142857142,0.06314498087609138,6.0
2021-02-04,9396293.0,56873,228795,1232,49923.21428571428,1046.2857142857142,0.07319217525093405,6.0
2021-02-05,9447165.0,50872,230034,1239,49517.5,1056.5,0.07313357034027425,6.0
2021-02-06,9497795.0,50630,231012,978,48681.5,1040.5,0.05450991747502539,6.0
2021-02-07,9524640.0,26845,231534,522,48575.92857142857,1035.5,0.04018081366147665,6.0
2021-02-08,9548079.0,23439,232170,636,48334.71428571428,1036.142857142857,0.029963078670832116,6.0
2021-02-09,9599565.0,51486,233520,1350,47586.357142857145,1045.857142857143,0.03199887228643926,6.0
2021-02-10,9659167.0,59602,234850,1330,47306.5,1049.2142857142858,0.034655208846939574,6.0
2021-02-11,9713909.0,54742,236201,1351,46801.57142857143,1046.7142857142858,0.013977304179352466,6.0
2021-02-12,9765455.0,51546,237489,1288,46210.142857142855,1058.7857142857142,0.027947295423023516,6.0
2021-02-13,9809754.0,44299,238532,1043,45198.5,1041.9285714285713,-0.004232370810294342,6.0
2021-02-14,9834513.0,24759,239245,713,44984.42857142857,1052.9285714285713,0.005731050010234018,6.0
2021-02-15,9866710.0,32197,239773,528,45527.71428571428,1048.142857142857,-0.008513513513513513,6.0
2021-02-16,9921981.0,55271,240940,1167,45611.642857142855,1045.0714285714287,-0.01261978674584946,6.0
2021-02-17,9978747.0,56766,242090,1150,45666.21428571428,1037.642857142857,-0.013915286451262528,6.0
2021-02-18,10030626.0,51879,243457,1367,45309.5,1047.2857142857142,0.0009557618787547789,6.0
2021-02-19,10081676.0,51050,244765,1308,45322.21428571428,1052.2142857142858,-0.004056520857278013,6.0
2021-02-20,10139148.0,57472,245977,1212,45810.92857142857,1068.9285714285713,0.02732202924418196,6.0
2021-02-21,10168174.0,29026,246504,527,45966.71428571428,1069.2857142857142,0.03262744016003305,6.0
2021-02-22,10195160.0,26986,247143,639,46220.07142857143,1069.5,0.03219357507238387,6.0
2021-02-23,10257875.0,62715,248529,1386,47022.142857142855,1072.0714285714287,0.02506488184674231,6.0
2021-02-24,10324463.0,66588,249957,1428,47521.142857142855,1079.0714285714287,0.02845666825515695,6.0
2021-02-25,10390461.0,65998,251498,1541,48325.142857142855,1092.642857142857,0.043878804422000726,6.0
2021-02-26,10455630.0,65169,252835,1337,49298.21428571428,1096.142857142857,0.035283006139108175,6.0
2021-02-27,10517232.0,61602,254221,1386,50534.142857142855,1120.642857142857,0.07554671968190861,6.0
2021-02-28,10551259.0,34027,254942,721,51196.142857142855,1121.2142857142858,0.06485313072383166,6.0
2021-03-01,10587001.0,35742,255720,778,51449.357142857145,1139.0714285714287,0.08675207850620158,6.0
2021-03-02,10646926.0,59925,257361,1641,51781.78571428572,1172.9285714285713,0.1223429704053036,6.0
2021-03-03,10718630.0,71704,259271,1910,52848.78571428572,1227.2142857142858,0.18269429338473198,6.0
2021-03-04,10793732.0,75102,260970,1699,54507.57142857143,1250.9285714285713,0.19444823352885007,6.0
2021-03-05,10869227.0,75495,262770,1800,56253.642857142855,1286.0714285714287,0.22225239291290477,6.0
2021-03-06,10938836.0,69609,264325,1555,57120.57142857143,1310.5714285714287,0.22606080855329122,6.0
2021-03-07,11019344.0,80508,265411,1086,60797.857142857145,1350.5,0.26299265197060795,6.0
2021-03-08,11051665.0,32321,266398,987,61178.92857142857,1375.357142857143,0.28598143324651043,6.0
2021-03-09,11122429.0,70764,268370,1972,61753.857142857145,1417.2142857142858,0.3219401692317942,6.0
2021-03-10,11202305.0,79876,270656,2286,62703.0,1478.5,0.37015952869530666,6.0
2021-03-11,11277717.0,75412,272889,2233,63375.42857142857,1527.9285714285713,0.39837876707851205,6.0
2021-03-12,11363380.0,85663,275105,2216,64839.28571428572,1590.7142857142858,0.4511924931578262,6.0
2021-03-13,11439558.0,76178,277102,1997,65880.42857142857,1634.357142857143,0.4584103512014788,6.0
2021-03-14,11483370.0,43812,278229,1127,66579.35714285714,1663.357142857143,0.48353188507358086,6.0
2021-03-15,11519609.0,36239,279286,1057,66614.85714285714,1683.2857142857142,0.47777011350097176,6.0
2021-03-16,11603535.0,83926,282127,2841,68329.21428571429,1769.0,0.5081907313805494,6.0
2021-03-17,11693838.0,90303,284775,2648,69657.71428571429,1821.7142857142858,0.48443047552528956,6.0
2021-03-18,11780820.0,86982,287499,2724,70506.28571428571,1894.9285714285713,0.5148175640952436,6.0
2021-03-19,11871390.0,90570,290314,2815,71583.07142857143,1967.4285714285713,0.5297972785337405,6.0
2021-03-20,11950459.0,79069,292752,2438,72258.78571428571,2030.5,0.5493241770220186,6.0
2021-03-21,11998233.0,47774,294042,1290,69920.64285714286,2045.0714285714287,0.5143068704712541,6.0
2021-03-22,12047526.0,49293,295425,1383,71132.92857142857,2073.3571428571427,0.5075045442742143,6.0
2021-03-23,12130019.0,82493,298676,3251,71970.71428571429,2164.714285714286,0.5274431732271558,6.0
2021-03-24,12220011.0,89992,300685,2009,72693.28571428571,2144.9285714285716,0.4507464128701871,6.0
2021-03-25,12320169.0,100158,303462,2777,74460.85714285714,2183.785714285714,0.4292459445561218,6.0
2021-03-26,12404414.0,84245,307112,3650,74359.57142857143,2286.214285714286,0.4372249663224068,6.0
2021-03-27,12490362.0,85948,310550,3438,75057.42857142857,2389.1428571428573,0.4618242209693633,6.0
2021-03-28,12534688.0,44326,312206,1656,75094.14285714286,2426.9285714285716,0.45905440803881997,6.0
2021-03-29,12573615.0,38927,313866,1660,75286.14285714286,2470.0,0.4673682423830943,6.0
2021-03-30,12658109.0,84494,317646,3780,75326.71428571429,2537.0714285714284,0.43418396188322694,6.0
2021-03-31,12748747.0,90638,321515,3869,75350.64285714286,2624.285714285714,0.44055834378920944,6.0
2021-04-01,12839844.0,91097,325284,3769,75644.57142857143,2698.9285714285716,0.4242903991857968,6.0
2021-04-02,12910082.0,70238,328206,2922,74192.28571428571,2706.5714285714284,0.3756898054022655,6.0
2021-04-03,12953597.0,43515,330193,1987,71652.71428571429,2674.3571428571427,0.31709290463291934,6.0
2021-04-04,12984956.0,31359,331433,1240,70480.21428571429,2670.785714285714,0.3059620690859557,6.0
2021-04-05,13013601.0,28645,332752,1319,69005.35714285714,2666.214285714286,0.28594067592241723,6.0
2021-04-06,13100580.0,86979,336947,4195,69325.78571428571,2733.6428571428573,0.2628192437141161,6.0
2021-04-07,13193205.0,92625,340776,3829,69513.85714285714,2863.6428571428573,0.3350760931099937,6.0
2021-04-08,13279857.0,86652,345025,4249,68549.14285714286,2968.785714285714,0.3594675040068034,6.0
2021-04-09,13373174.0,93317,348718,3693,69197.14285714286,2971.8571428571427,0.2999031461867715,6.0
2021-04-10,13445006.0,71832,351334,2616,68188.85714285714,2913.1428571428573,0.21932552021047594,6.0
2021-04-11,13482023.0,37017,353137,1803,67666.78571428571,2923.6428571428573,0.20466786355475763,6.0
2021-04-12,13517808.0,35785,354617,1480,67442.35714285714,2910.785714285714,0.1784557547715442,6.0
2021-04-13,13599994.0,82186,358425,3808,67277.5,2912.785714285714,0.14808975477913233,6.0
2021-04-14,13673507.0,73513,361884,3459,66054.28571428571,2883.5,0.09877517691888953,6.0
2021-04-15,13746681.0,73174,365444,3560,64774.07142857143,2868.5714285714284,0.06285563054121997,6.0
2021-04-16,13832455.0,85774,368749,3305,65883.78571428571,2895.9285714285716,0.06996199725535743,6.0
2021-04-17,13900091.0,67636,371678,2929,67606.71428571429,2963.214285714286,0.10800993563206121,6.0
2021-04-18,13943071.0,42980,373335,1657,68436.78571428571,2993.0,0.12064400524190316,6.0
2021-04-19,13973695.0,30624,374682,1347,68578.14285714286,2995.0,0.12331556246148898,6.0
2021-04-20,14043076.0,69381,378003,3321,67321.14285714286,2932.5714285714284,0.07277050508217699,6.0
2021-04-21,14122795.0,79719,381475,3472,66399.28571428571,2907.0714285714284,0.015165498490933012,6.0
2021-04-22,14167973.0,45178,383502,2027,63436.857142857145,2748.3571428571427,-0.07424873084233578,6.0
2021-04-23,14237078.0,69105,386416,2914,61707.42857142857,2692.714285714286,-0.09392876027496026,6.0
2021-04-24,14308215.0,71137,389492,3076,61657.78571428572,2725.5714285714284,-0.06438799529227159,6.0
2021-04-25,14340787.0,32572,390797,1305,61340.28571428572,2690.0,-0.07991497886687358,6.0
2021-04-26,14369423.0,28636,391936,1139,60829.642857142855,2665.6428571428573,-0.08421879217687901,6.0
2021-04-27,14441563.0,72140,395022,3086,60112.07142857143,2614.0714285714284,-0.10255278452144488,6.0
2021-04-28,14521289.0,79726,398185,3163,60555.857142857145,2592.9285714285716,-0.10077039312343626,6.0
2021-04-29,14590678.0,69389,401186,3001,60285.5,2553.0,-0.11000996015936251,6.0
2021-04-30,14659011.0,68333,403781,2595,59039.71428571428,2502.285714285714,-0.13592975359494863,6.0
2021-05-01,14725975.0,66964,406437,2656,58991.71428571428,2482.785714285714,-0.16213089068337957,6.0
2021-05-02,14754910.0,28935,407639,1202,57988.5,2450.285714285714,-0.18132786024533437,6.0
2021-05-03,14779529.0,24619,408622,983,57559.57142857143,2424.285714285714,-0.19055568805151446,6.0
2021-05-04,14856888.0,77359,411588,2966,58129.42857142857,2398.9285714285716,-0.18197096648480116,6.0
2021-05-05,14930183.0,73295,414399,2811,57670.57142857143,2351.714285714286,-0.19103663480675195,6.0
2021-05-06,15003563.0,73380,416949,2550,59685.0,2389.0714285714284,-0.13072744756607843,6.0
2021-05-07,15082449.0,78886,419114,2165,60383.642857142855,2335.5714285714284,-0.13263303093002288,6.0
2021-05-08,15145879.0,63430,421316,2202,59833.142857142855,2273.1428571428573,-0.16599402484406928,6.0
2021-05-09,15184790.0,38911,422340,1024,60285.92857142857,2253.0714285714284,-0.16242697822623478,6.0
2021-05-10,15209990.0,25200,423229,889,60040.5,2235.214285714286,-0.16147270827192586,6.0
2021-05-11,15282705.0,72715,425540,2311,60081.57142857143,2179.8571428571427,-0.16610651146268823,6.0
2021-05-12,15359397.0,76692,428034,2494,59864.857142857145,2132.0714285714284,-0.17773615051926953,6.0
2021-05-13,15433989.0,74592,430417,2383,60236.5,2087.9285714285716,-0.18216663868837776,6.0
2021-05-14,15519525.0,85536,432628,2211,61465.28571428572,2060.5,-0.17655286595113037,6.0
2021-05-15,15586534.0,67009,434715,2087,61468.5,2019.857142857143,-0.18645530653931353,6.0
2021-05-16,15627475.0,40941,435751,1036,62326.07142857143,2008.0,-0.18050373134328357,6.0
2021-05-17,15657391.0,29916,436537,786,62704.42857142857,1993.9285714285713,-0.17751915144372424,6.0
2021-05-18,15732836.0,75445,439050,2513,62567.71428571428,1961.5714285714287,-0.18231353282715498,6.0
2021-05-19,15812055.0,79219,441691,2641,62990.857142857145,1949.4285714285713,-0.17106062446847292,6.0
2021-05-20,15894094.0,82039,444094,2403,63609.357142857145,1938.9285714285713,-0.18841749633748917,6.0
2021-05-21,15970949.0,76855,446309,2215,63464.28571428572,1942.5,-0.16829775521438614,6.0
2021-05-22,16047439.0,76490,448208,1899,64397.142857142855,1920.857142857143,-0.15497737556561092,6.0
2021-05-23,16083258.0,35819,449068,860,64176.28571428572,1909.142857142857,-0.1526487651776939,6.0
2021-05-24,16120756.0,37498,449858,790,65054.71428571428,1902.0714285714287,-0.14904291694628188,6.0
2021-05-25,16194209.0,73453,452031,2173,65107.42857142857,1892.2142857142858,-0.1319549118552984,6.0
2021-05-26,16274695.0,80486,454429,2398,65378.42857142857,1885.357142857143,-0.11571576937250823,6.0
2021-05-27,16342162.0,67467,456674,2245,64869.5,1875.5,-0.10174130204235235,6.0
2021-05-28,16391930.0,49768,459045,2371,62314.642857142855,1886.9285714285713,-0.08423752903248176,6.0
2021-05-29,16471600.0,79670,461057,2012,63219.0,1881.5714285714287,-0.06846311620340897,6.0
2021-05-30,16515120.0,43520,461931,874,63403.21428571428,1870.0,-0.06872509960159362,6.0
2021-05-31,16545554.0,30434,462791,860,63440.21428571428,1875.2857142857142,-0.059502059824467116,6.0
2021-06-01,16624480.0,78926,465199,2408,63688.857142857145,1867.7857142857142,-0.04781152137499098,6.0
2021-06-02,16720081.0,95601,467706,2507,64859.0,1858.2142857142858,-0.046790268210464524,6.0
2021-06-03,16803472.0,83391,469388,1682,64955.57142857143,1806.7142857142858,-0.06818935347209423,6.0
2021-06-04,16841408.0,37936,470842,1454,62175.642857142855,1752.357142857143,-0.09788564074278358,6.0
2021-06-05,16907425.0,66017,472531,1689,61427.57142857143,1737.357142857143,-0.09553026922504834,6.0
2021-06-06,16947062.0,39637,473404,873,61700.28571428572,1738.2857142857142,-0.08949416342412453,6.0
2021-06-07,16984218.0,37156,474414,1010,61675.857142857145,1754.0,-0.07784745953659548,6.0
2021-06-08,17037129.0,52911,476792,2378,60208.57142857143,1768.642857142857,-0.06530519799177084,6.0
2021-06-09,17122877.0,85748,479515,2723,60584.42857142857,1791.857142857143,-0.04959272589505588,6.0
2021-06-10,17210969.0,88092,482019,2504,62057.642857142855,1810.357142857143,-0.03473359485089689,6.0
2021-06-11,17296118.0,85149,484235,2216,64584.857142857145,1799.2857142857142,-0.046447363440208944,6.0
2021-06-12,17374818.0,78700,486272,2037,64515.57142857143,1801.0714285714287,-0.042783387745805174,6.0
2021-06-13,17412766.0,37948,487401,1129,64117.57142857143,1819.2857142857142,-0.0271199388846448,6.0
2021-06-14,17452612.0,39846,488228,827,64789.857142857145,1816.9285714285713,-0.03111906757065592,6.0
2021-06-15,17533221.0,80609,490696,2468,64910.07142857143,1821.2142857142858,-0.024934031894145024,6.0
2021-06-16,17628588.0,95367,493693,2997,64893.357142857145,1856.2142857142858,-0.0010763021333845858,6.0
2021-06-17,17702630.0,74042,496004,2311,64225.57142857143,1901.142857142857,0.052265359373764475,6.0
2021-06-18,17801462.0,98832,498499,2495,68575.28571428571,1975.5,0.1273386866669384,6.0
2021-06-19,17883750.0,82288,500800,2301,69737.5,2019.2142857142858,0.16223327714508903,6.0
2021-06-20,17927928.0,44178,501825,1025,70061.85714285714,2030.0714285714287,0.16785831689677855,6.0
2021-06-21,17966831.0,38903,502586,761,70186.64285714286,2012.2857142857142,0.1472552532985828,6.0
2021-06-22,18054653.0,87822,504717,2131,72680.28571428571,1994.642857142857,0.1277815920197084,6.0
2021-06-23,18169881.0,115228,507109,2392,74786.0,1971.0,0.09997608227696721,6.0
2021-06-24,18243483.0,73602,509141,2032,73751.0,1937.2857142857142,0.07011244821463794,6.0
2021-06-25,18322760.0,79277,511142,2001,73331.57142857143,1921.9285714285713,0.06816196903533146,6.0
2021-06-26,18386894.0,64134,512735,1593,72291.14285714286,1890.2142857142858,0.049494348602022585,6.0
2021-06-27,18420598.0,33704,513474,739,71988.0,1862.357142857143,0.02367491166077744,6.0
2021-06-28,18448402.0,27804,514092,618,71127.85714285714,1847.4285714285713,0.016786570743405275,6.0
2021-06-29,18513305.0,64903,515985,1893,70006.0,1806.357142857143,-0.008157822488920283,6.0
2021-06-30,18557141.0,43836,518066,2081,66325.21428571429,1740.9285714285713,-0.06210797706545589,6.0
2021-07-01,18622304.0,65163,520095,2029,65691.0,1720.7857142857142,-0.0948677487225729,6.0
2021-07-02,18687469.0,65165,521952,1857,63286.21428571428,1675.2142857142858,-0.15200491738077157,6.0
2021-07-03,18742025.0,54556,523587,1635,61305.357142857145,1627.642857142857,-0.19392267147759035,6.0
2021-07-04,18769808.0,27783,524417,830,60134.28571428572,1613.7142857142858,-0.20509482424967454,6.0
2021-07-05,18792511.0,22703,525112,695,58977.142857142855,1609.0,-0.20041175635382646,6.0
2021-07-06,18855015.0,62504,526892,1780,57168.71428571428,1583.9285714285713,-0.2059086839749329,6.0
2021-07-07,18909037.0,54022,528540,1648,52796.857142857145,1530.7857142857142,-0.2233456548525042,6.0
2021-07-08,18962762.0,53725,530179,1639,51377.07142857143,1502.7142857142858,-0.22431974043212147,6.0
2021-07-09,19020499.0,57737,531688,1509,49838.5,1467.5714285714287,-0.2364068829672575,6.0
2021-07-10,19069003.0,48504,532893,1205,48722.07142857143,1439.857142857143,-0.23825718928315007,6.0
2021-07-11,19089940.0,20937,533488,595,47810.142857142855,1429.5714285714287,-0.2323859931730142,6.0
2021-07-12,19106971.0,17031,534233,745,47040.642857142855,1438.642857142857,-0.22127281163006493,6.0
2021-07-13,19151993.0,45022,535838,1605,45620.57142857143,1418.0714285714287,-0.21495511882636714,6.0
2021-07-14,19209729.0,57736,537394,1556,46613.42857142857,1380.5714285714287,-0.20699134287941565,6.0
2021-07-15,19262518.0,52789,538942,1548,45729.57142857143,1346.2142857142858,-0.2176746502843385,6.0
2021-07-16,19308109.0,45591,540398,1456,44331.42857142857,1317.5714285714287,-0.21349081141005413,6.0
2021-07-17,19342448.0,34339,541266,868,42887.357142857145,1262.7857142857142,-0.2241628998990653,6.0
2021-07-18,19376574.0,34126,542214,948,43340.42857142857,1271.2142857142858,-0.2122432719546742,6.0
2021-07-19,19391845.0,15271,542756,542,42809.57142857143,1260.2857142857142,-0.21672733729912105,6.0
2021-07-20,19419437.0,27592,544180,1424,40315.857142857145,1234.857142857143,-0.22038331454340468,6.0
2021-07-21,19473954.0,54517,545604,1424,40351.21428571428,1218.857142857143,-0.20377023937287103,6.0
2021-07-22,19523711.0,49757,547016,1412,40067.78571428572,1202.642857142857,-0.1996862819659664,6.0
2021-07-23,19632443.0,108732,548340,1324,43710.28571428572,1189.4285714285713,-0.18952594178915616,6.0
2021-07-24,19670534.0,38091,549448,1108,42966.5,1182.5,-0.17873797003671002,6.0
2021-07-25,19688663.0,18129,549924,476,42765.92857142857,1174.0,-0.1787748575996803,6.0
2021-07-26,19707662.0,18999,550502,578,42906.5,1162.0714285714287,-0.19224467504096113,6.0
2021-07-27,19749073.0,41411,551835,1333,42648.57142857143,1142.642857142857,-0.19422757265904406,6.0
2021-07-28,19797086.0,48013,553179,1344,41954.07142857143,1127.5,-0.18330918874172192,6.0
2021-07-29,19839369.0,42283,554497,1318,41203.642857142855,1111.0714285714287,-0.17466970870695597,6.0
2021-07-30,19880273.0,40904,555460,963,40868.857142857145,1075.857142857143,-0.18345440745961186,6.0
2021-07-31,19917855.0,37582,556370,910,41100.5,1078.857142857143,-0.14565303467390683,6.0
2021-08-01,19938358.0,20503,556834,464,40127.42857142857,1044.2857142857142,-0.1785132325672867,6.0
2021-08-02,19953501.0,15143,557223,389,40118.28571428572,1033.357142857143,-0.18006121060983898,6.0
2021-08-03,19985817.0,32316,558432,1209,40455.71428571428,1018.0,-0.17561314206385933,6.0
2021-08-04,20026533.0,40716,559607,1175,39469.92857142857,1000.2142857142857,-0.17938349742147217,6.0
2021-08-05,20066587.0,40054,560706,1099,38776.857142857145,977.8571428571429,-0.18690978202767708,6.0
2021-08-06,20108746.0,42159,561762,1056,34021.642857142855,958.7142857142857,-0.19397069421090557,6.0
2021-08-07,20151779.0,43033,562752,990,34374.642857142855,950.2857142857143,-0.19637571730594983,6.0
2021-08-08,20165672.0,13893,563151,399,34072.07142857143,944.7857142857143,-0.19524215137503037,6.0
2021-08-09,20177757.0,12085,563562,411,33578.21428571428,932.8571428571429,-0.1972462966377774,6.0
2021-08-10,20212642.0,34885,564773,1211,33112.07142857143,924.1428571428571,-0.19122335437894605,6.0
2021-08-11,20245085.0,32443,565748,975,31999.928571428572,897.7857142857143,-0.20373772568894516,6.0
2021-08-12,20285067.0,39982,566896,1148,31835.571428571428,885.6428571428571,-0.20289296046287378,6.0
2021-08-13,20319000.0,33933,567862,966,31337.64285714286,885.8571428571429,-0.17660337272606558,6.0
2021-08-14,20350142.0,31142,568788,926,30877.64285714286,887.0,-0.17783368644067798,6.0
2021-08-15,20364099.0,13957,569058,270,30410.071428571428,873.1428571428571,-0.16388508891928863,6.0
2021-08-16,20378570.0,14471,569492,434,30362.071428571428,876.3571428571429,-0.15193198313402917,6.0
2021-08-17,20416183.0,37613,570598,1106,30740.428571428572,869.0,-0.14636542239685657,6.0
2021-08-18,20457897.0,41714,571662,1064,30811.714285714286,861.0714285714286,-0.1391130472041705,6.0
2021-08-19,20494212.0,36315,572641,979,30544.64285714286,852.5,-0.1281957633308985,6.0
2021-08-20,20528099.0,33887,573511,870,29953.785714285714,839.2142857142857,-0.12464610341230815,6.0
2021-08-21,20556487.0,28388,574209,698,28907.714285714286,818.3571428571429,-0.1388304269392664,6.0
2021-08-22,20570891.0,14404,574527,318,28944.214285714286,812.5714285714286,-0.13994102971195288,6.0
2021-08-23,20583994.0,13103,574848,321,29016.928571428572,806.1428571428571,-0.13583460949464018,6.0
2021-08-24,20614866.0,30872,575742,894,28730.285714285714,783.5,-0.15218735507806458,6.0
2021-08-25,20645537.0,30671,576645,903,28603.714285714286,778.3571428571429,-0.1330256981462328,6.0
2021-08-26,20676561.0,31024,577565,920,27963.85714285714,762.0714285714286,-0.1395273812404226,6.0
2021-08-27,20703906.0,27345,578326,761,27493.285714285714,747.4285714285714,-0.1562651185292695,6.0
2021-08-28,20728605.0,24699,579010,684,27033.071428571428,730.1428571428571,-0.1768400708648736,6.0
2021-08-29,20741815.0,13210,579308,298,26979.714285714286,732.1428571428571,-0.16148560209424084,6.0
2021-08-30,20752281.0,10466,579574,266,26693.64285714286,720.1428571428571,-0.17825413644143784,6.0
2021-08-31,20776870.0,24589,580413,839,25763.35714285714,701.0714285714286,-0.19324346539536416,6.0
2021-09-01,20804215.0,27345,581150,737,24737.0,677.7142857142857,-0.21294068851099132,6.0
2021-09-02,20830495.0,26280,581914,764,24020.214285714286,662.3571428571429,-0.22304147465437785,6.0
2021-09-03,20856060.0,25565,582670,756,23425.785714285714,654.2142857142857,-0.22044429313133035,6.0
2021-09-04,20877864.0,21804,583362,692,22955.5,653.7857142857143,-0.20109976433621365,6.0
2021-09-05,20890779.0,12915,583628,266,22849.14285714286,650.0714285714286,-0.19998241912798875,6.0
2021-09-06,20899933.0,9154,583810,182,22567.071428571428,640.1428571428571,-0.20591883749778486,6.0
2021-09-07,20913578.0,13645,584171,361,21336.571428571428,602.0714285714286,-0.2315616738080044,6.0
2021-09-08,20928008.0,14430,584421,250,20176.5,555.4285714285714,-0.28640910342296044,6.0
2021-09-09,20958899.0,30891,585174,753,20167.0,543.5,-0.28681225981816477,6.0
2021-09-10,20974850.0,15951,585846,672,19353.14285714286,537.1428571428571,-0.2813455657492355,6.0
2021-09-11,20989164.0,14314,586558,712,18611.35714285714,539.1428571428571,-0.26159264331833304,6.0
2021-09-12,20999779.0,10615,586851,293,18426.0,538.7857142857143,-0.26409756097560966,6.0
2021-09-13,21006424.0,6645,587066,215,18153.071428571428,535.1428571428571,-0.2568934735171593,6.0
2021-09-14,21019830.0,13406,587797,731,17354.285714285714,527.4285714285714,-0.24768211920529798,6.0
2021-09-15,21034610.0,14780,588597,800,16456.785714285714,531.9285714285714,-0.21511382799325457,6.0
2021-09-16,21069017.0,34407,589240,643,17037.285714285714,523.2857142857143,-0.20996441281138786,6.0
2021-09-17,21080219.0,11202,589573,333,16011.357142857143,493.07142857142856,-0.24631509990173597,6.0
2021-09-18,21230325.0,150106,590508,935,25175.785714285714,510.42857142857144,-0.21927236971484762,6.0
2021-09-19,21239783.0,9458,590752,244,24928.85714285714,508.85714285714283,-0.21722887594769807,6.0
2021-09-20,21247667.0,7884,590955,203,24838.14285714286,510.35714285714283,-0.20274492300825708,6.0
2021-09-21,21247094.0,-573,591440,485,23822.571428571428,519.2142857142857,-0.13762012101079613,6.0
2021-09-22,21283567.0,36473,592316,876,25397.071428571428,563.9285714285714,0.015303497942386831,6.0
2021-09-23,21308178.0,24611,592964,648,24948.5,556.4285714285714,0.023787619923774508,6.0
2021-09-24,21327616.0,19438,593663,699,25197.571428571428,558.3571428571429,0.03949468085106395,6.0
2021-09-25,21343304.0,15688,594200,537,25295.714285714286,545.8571428571429,0.012453630100689046,6.0
2021-09-26,21351972.0,8668,594443,243,25156.64285714286,542.2857142857143,0.006496089089221794,6.0
2021-09-27,21366395.0,14423,594653,210,25712.214285714286,541.9285714285714,0.012680192205018778,6.0
2021-09-28,21381790.0,15395,595446,793,25854.285714285714,546.3571428571429,0.035888407367280634,6.0
2021-09-29,21399546.0,17756,596122,676,26066.85714285714,537.5,0.01047401638243585,6.0
2021-09-30,21427073.0,27527,596749,627,25575.428571428572,536.3571428571429,0.024979524979524947,6.0
2021-10-01,21445651.0,18578,597255,506,26102.285714285714,548.7142857142857,0.1128494857308416,6.0
2021-10-02,21459117.0,13466,597723,468,16342.285714285714,515.3571428571429,0.009655751469353517,6.0
2021-10-03,21468121.0,9004,597948,225,16309.857142857143,514.0,0.010106681639528403,6.0
2021-10-04,21478546.0,10425,598152,204,16491.35714285714,514.0714285714286,0.007277816655003515,6.0
2021-10-05,21499074.0,20528,598829,677,17998.571428571428,527.7857142857143,0.01650846058605054,6.0
2021-10-06,21516967.0,17893,599359,530,16671.428571428572,503.07142857142856,-0.10791640278657383,6.0
2021-10-07,21532558.0,15591,599810,451,16027.142857142857,489.0,-0.12118100128369708,6.0
2021-10-08,21550730.0,18172,600425,615,15936.714285714286,483.0,-0.1349622617372394,6.0
2021-10-09,21567181.0,16451,600829,404,15991.214285714286,473.5,-0.1325569222716567,6.0
2021-10-10,21575820.0,8639,601011,182,15989.142857142857,469.14285714285717,-0.1348788198103267,6.0
2021-10-11,21582738.0,6918,601213,202,15453.07142857143,468.57142857142856,-0.13536312112824575,6.0
2021-10-12,21590097.0,7359,601398,185,14879.07142857143,425.14285714285717,-0.22185906654464635,6.0
2021-10-13,21597949.0,7852,601574,176,14171.642857142857,389.42857142857144,-0.2754817275747508,6.0
2021-10-14,21612237.0,14288,602099,525,13226.0,382.14285714285717,-0.28752164069782926,6.0
2021-10-15,21627476.0,15239,602669,570,12987.5,386.7142857142857,-0.2952356157250715,6.0
2021-10-16,21638726.0,11250,603152,483,12829.214285714286,387.7857142857143,-0.2475398475398476,6.0
2021-10-17,21644464.0,5738,603282,130,12595.92857142857,381.0,-0.2587548638132296,6.0
2021-10-18,21651910.0,7446,603465,183,12383.142857142857,379.5,-0.2617757398916215,6.0
2021-10-19,21664879.0,12969,603855,390,11843.214285714286,359.0,-0.31979970226011645,6.0
2021-10-20,21680488.0,15609,604228,373,11680.07142857143,347.7857142857143,-0.3086752804202754,6.0
2021-10-21,21697341.0,16853,604679,451,11770.214285714286,347.7857142857143,-0.2887817703768624,6.0
2021-10-22,21711843.0,14502,605139,460,11508.07142857143,336.7142857142857,-0.30286897367642707,6.0
2021-10-23,21723559.0,11716,605457,318,11169.857142857143,330.57142857142856,-0.30185548348167146,6.0
2021-10-24,21729763.0,6204,605644,187,10995.92857142857,330.92857142857144,-0.29461023142509135,6.0
2021-10-25,21735560.0,5797,605804,160,10915.857142857143,327.92857142857144,-0.3001524390243902,6.0
2021-10-26,21748984.0,13424,606246,442,11349.07142857143,346.2857142857143,-0.185483870967742,6.0
2021-10-27,21766168.0,17184,606679,433,12015.642857142857,364.64285714285717,-0.06364636830520908,6.0
2021-10-28,21781436.0,15268,607068,389,12085.642857142857,354.92857142857144,-0.07121495327102806,6.0
2021-10-29,21793401.0,11965,607462,394,11851.785714285714,342.35714285714283,-0.11470262282970085,6.0
2021-10-30,21804094.0,10693,607694,232,11812.0,324.42857142857144,-0.16338183827592553,6.0
2021-10-31,21810855.0,6761,607824,130,11885.07142857143,324.42857142857144,-0.14848143982002246,6.0
2021-11-01,21814693.0,3838,607922,98,11627.357142857143,318.35714285714283,-0.16111424807076988,6.0
2021-11-02,21821124.0,6431,608071,149,11160.357142857143,301.14285714285717,-0.16116195781933937,6.0
2021-11-03,21835785.0,14661,608235,164,11092.642857142857,286.2142857142857,-0.1770384062435818,6.0
2021-11-04,21849137.0,13352,608671,436,10842.57142857143,285.14285714285717,-0.18011912096939814,6.0
2021-11-05,21862458.0,13321,609060,389,10758.214285714286,280.07142857142856,-0.1682223165040306,6.0
2021-11-06,21874324.0,11866,609388,328,10768.92857142857,280.7857142857143,-0.15060501296456352,6.0
2021-11-07,21880439.0,6115,609447,59,10762.57142857143,271.64285714285717,-0.1791495791064105,6.0
2021-11-08,21886077.0,5638,609573,126,10751.214285714286,269.2142857142857,-0.17904595948595078,6.0
2021-11-09,21897025.0,10948,609756,183,10574.357142857143,250.71428571428572,-0.27599009900990096,6.0
2021-11-10,21909298.0,12273,610036,280,10223.57142857143,239.78571428571428,-0.3424094025465231,6.0
2021-11-11,21924598.0,15300,610224,188,10225.857142857143,225.42857142857142,-0.3648621453008654,6.0
2021-11-12,21939196.0,14598,610491,267,10413.92857142857,216.35714285714286,-0.368036720216983,6.0
2021-11-13,21953838.0,14642,611222,731,10696.0,252.0,-0.22324966974900928,6.0
2021-11-14,21957967.0,4129,611283,61,10508.0,247.07142857142858,-0.23844121532364598,6.0
2021-11-15,21960766.0,2799,611346,63,10433.785714285714,244.57142857142858,-0.2317702490464437,6.0
2021-11-16,21965684.0,4918,611478,132,10325.714285714286,243.35714285714286,-0.19188804554079703,6.0
2021-11-17,21977661.0,11977,611851,373,10134.0,258.2857142857143,-0.09757923633641133,6.0
2021-11-18,21989962.0,12301,612144,293,10058.92857142857,248.07142857142858,-0.1300100200400802,6.0
2021-11-19,22003317.0,13355,612370,226,10061.357142857143,236.42857142857142,-0.1558275950012752,6.0
2021-11-20,22012150.0,8833,612587,217,9844.714285714286,228.5,-0.1862121597557873,6.0
2021-11-21,22017276.0,5126,612659,72,9774.07142857143,229.42857142857142,-0.15540362871417315,6.0
2021-11-22,22019870.0,2594,612782,123,9556.642857142857,229.21428571428572,-0.148580525338286,6.0
2021-11-23,22030182.0,10312,613066,284,9511.214285714286,236.42857142857142,-0.05698005698005706,6.0
2021-11-24,22043112.0,12930,613339,273,9558.142857142857,235.92857142857142,-0.016085790884718516,6.0
2021-11-25,22055238.0,12126,613642,303,9331.42857142857,244.14285714285714,0.08301647655259826,6.0
2021-11-26,22067630.0,12392,613957,315,9173.857142857143,247.57142857142858,0.14427203697589966,6.0
2021-11-27,22076863.0,9233,614186,229,8787.5,211.71428571428572,-0.15986394557823125,6.0
2021-11-28,22080906.0,4043,614278,92,8781.357142857143,213.92857142857142,-0.13414281584272922,6.0
2021-11-29,22084749.0,3843,614376,98,8855.92857142857,216.42857142857142,-0.11507009345794401,6.0
2021-11-30,22094459.0,9710,614681,305,9198.214285714286,228.78571428571428,-0.05987672439095984,6.0
2021-12-01,22105872.0,11413,614964,283,9157.92857142857,222.35714285714286,-0.13910398230088492,6.0
2021-12-02,22118782.0,12910,615179,215,9201.42857142857,216.78571428571428,-0.12611575007198395,6.0
2021-12-03,22129409.0,10627,615400,221,9006.57142857143,216.42857142857142,-0.08459214501510574,6.0
2021-12-04,22138247.0,8838,615570,170,9006.92857142857,213.07142857142858,-0.0675211003438574,6.0
2021-12-05,22143091.0,4844,615636,66,8986.785714285714,212.64285714285714,-0.07316313823163136,6.0
2021-12-06,22147476.0,4385,615744,108,9114.714285714286,211.57142857142858,-0.07697101900903706,6.0
2021-12-07,22157726.0,10250,616018,274,9110.285714285714,210.85714285714286,-0.10815709969788513,6.0
2021-12-08,22167781.0,10055,616251,233,8904.92857142857,208.0,-0.11837723281864966,6.0
2021-12-09,22177059.0,9278,616457,206,8701.5,201.07142857142858,-0.17641895845523692,6.0
2021-12-10,22184824.0,7765,616691,234,8371.0,195.28571428571428,-0.21119446047316798,6.0
2021-12-11,22188179.0,3355,616744,53,7951.142857142857,182.71428571428572,-0.1369770580296896,6.0
2021-12-12,22189867.0,1688,616830,86,7782.928571428572,182.28571428571428,-0.14791318864774625,6.0
2021-12-13,22191949.0,2082,616878,48,7657.142857142857,178.71428571428572,-0.17425742574257416,6.0
2021-12-14,22195775.0,3826,616970,92,7236.857142857143,163.5,-0.2853574773649703,6.0
2021-12-15,22201221.0,5446,617271,301,6810.642857142857,164.78571428571428,-0.2589142306456795,6.0
2021-12-16,22204941.0,3720,617395,124,6154.214285714285,158.28571428571428,-0.2698517298187809,6.0
2021-12-17,22209020.0,4079,617601,206,5686.5,157.21428571428572,-0.27359735973597354,6.0
2021-12-18,22212343.0,3323,617754,153,5292.571428571428,156.0,-0.2678511565538049,6.0
2021-12-19,22213762.0,1419,617803,49,5047.928571428572,154.78571428571428,-0.2720859926100101,6.0
2021-12-20,22215856.0,2094,617873,70,4884.285714285715,152.07142857142858,-0.2812288993923025,6.0
2021-12-21,22219477.0,3621,617948,75,4410.785714285715,137.85714285714286,-0.34620596205962056,6.0
2021-12-22,22222928.0,3451,618091,143,3939.0714285714284,131.42857142857142,-0.3681318681318682,6.0
2021-12-23,22226573.0,3645,618228,137,3536.714285714286,126.5,-0.3708703374777976,6.0
2021-12-24,22230737.0,4164,618392,164,3279.5,121.5,-0.37783467446964153,6.0
2021-12-25,22234626.0,3889,618424,32,3317.6428571428573,120.0,-0.3432369038311181,6.0
2021-12-26,22239436.0,4810,618448,24,3540.6428571428573,115.57142857142857,-0.365987460815047,6.0
2021-12-27,22246276.0,6840,618534,86,3880.5,118.28571428571429,-0.3381294964028777,6.0
2021-12-28,22254706.0,8430,618705,171,4209.357142857143,123.92857142857143,-0.2420270860637833,6.0
2021-12-29,22263834.0,9128,618817,112,4472.357142857143,110.42857142857143,-0.329865626354573,6.0
2021-12-30,22277239.0,13405,618984,167,5164.142857142857,113.5,-0.282942238267148,6.0
2021-12-31,22287521.0,10282,619056,72,5607.214285714285,103.92857142857143,-0.3389368468877783,6.0
2022-01-01,22291507.0,3986,619105,49,5654.571428571428,96.5,-0.3814102564102564,6.0
2022-01-02,22293228.0,1721,619133,28,5676.142857142857,95.0,-0.3862482694970004,6.0
2022-01-03,22305078.0,11850,619209,76,6373.0,95.42857142857143,-0.3724753405354627,6.0
2022-01-04,22323837.0,18759,619384,175,7454.285714285715,102.57142857142857,-0.255958549222798,6.0
2022-01-05,22351104.0,27267,619513,129,9155.42857142857,101.57142857142857,-0.2271739130434782,6.0
2022-01-06,22386930.0,35826,619641,128,11454.07142857143,100.92857142857143,-0.20214568040654995,6.0
2022-01-07,22450222.0,63292,619822,181,15677.5,102.14285714285714,-0.15931804820693712,6.0
2022-01-08,22499525.0,49303,619937,115,18921.35714285714,108.07142857142857,-0.09940476190476193,6.0
2022-01-09,22523907.0,24382,619981,44,20319.35714285714,109.5,-0.05253399258343632,6.0
2022-01-10,22558695.0,34788,620091,110,22315.64285714286,111.21428571428571,-0.05978260869565227,6.0
2022-01-11,22629460.0,70765,620238,147,26768.14285714286,109.5,-0.11642651296829973,6.0
2022-01-12,22716931.0,87471,620371,133,32364.071428571428,111.0,0.005174644243208261,6.0
2022-01-13,22814917.0,97986,620545,174,38405.57142857143,111.5,-0.01762114537444934,6.0
2022-01-14,22927203.0,112286,620796,251,45691.57142857143,124.28571428571429,0.19587628865979384,6.0
2022-01-15,22975723.0,48520,620971,175,48872.57142857143,133.28571428571428,0.38119911176905985,6.0
2022-01-16,23000657.0,24934,621045,74,50530.642857142855,136.57142857142858,0.43759398496240615,6.0
2022-01-17,23074791.0,74134,621166,121,54979.5,139.78571428571428,0.464820359281437,6.0
2022-01-18,23211894.0,137103,621517,351,63432.642857142855,152.35714285714286,0.4853760445682452,6.0
2022-01-19,23416748.0,204854,621855,338,76117.42857142857,167.28571428571428,0.6469760900140646,6.0
2022-01-20,23585243.0,168495,622205,350,85593.78571428571,183.14285714285714,0.8145789101203114,6.0
2022-01-21,23751782.0,166539,622563,358,92968.57142857143,195.78571428571428,0.9167832167832167,6.0
2022-01-22,23909175.0,157393,622801,238,100689.28571428571,204.57142857142858,0.892927957699934,6.0
2022-01-23,24044255.0,135080,623097,296,108596.28571428571,222.57142857142858,1.0326157860404437,6.0
2022-01-24,24127595.0,83340,623356,259,112064.28571428571,233.21428571428572,1.0969813744380221,6.0
2022-01-25,24311317.0,183722,623843,487,120132.64285714286,257.5,1.3515981735159817,6.0
2022-01-26,24535884.0,224567,624413,570,129925.21428571429,288.7142857142857,1.601029601029601,6.0
2022-01-27,24764838.0,228954,625085,672,139280.07142857142,324.2857142857143,1.908392056374119,6.0
2022-01-28,25034806.0,269968,625884,799,150543.07142857142,363.42857142857144,1.9241379310344828,6.0
2022-01-29,25214622.0,179816,626524,640,159921.35714285713,396.64285714285717,1.9758842443729907,6.0
2022-01-30,25348797.0,134175,626854,330,167724.2857142857,414.92857142857144,2.0381799163179917,6.0
2022-01-31,25426744.0,77947,627138,284,167996.64285714287,426.57142857142856,2.0516096065406235,6.0
2022-02-01,25620209.0,193465,628067,929,172022.5,467.85714285714283,2.07079231129864,6.0
2022-02-02,25793112.0,172903,628960,893,169740.2857142857,507.5,2.0337318531169943,6.0
2022-02-03,26091520.0,298408,630001,1041,179019.7857142857,556.8571428571429,2.040561622464899,6.0
2022-02-04,26275831.0,184311,630494,493,180289.2142857143,566.5,1.8934695366654506,6.0
2022-02-05,26473273.0,197442,631802,1308,183149.85714285713,642.9285714285714,2.1428072625698324,6.0
2022-02-06,26533010.0,59737,632193,391,177768.2142857143,649.7142857142857,1.9191270860077019,6.0
2022-02-07,26599593.0,66583,632621,428,176571.2857142857,661.7857142857143,1.8376722817764166,6.0
2022-02-08,26776620.0,177027,633810,1189,176093.07142857142,711.9285714285714,1.7647711511789181,6.0
2022-02-09,26955434.0,178814,635074,1264,172825.0,761.5,1.6375556655121226,6.0
2022-02-10,27119500.0,164066,636017,943,168190.14285714287,780.8571428571429,1.4079295154185023,6.0
2022-02-11,27285509.0,166009,637152,1135,160764.5,804.8571428571429,1.2146226415094339,6.0
2022-02-12,27425743.0,140234,638048,896,157937.2142857143,823.1428571428571,1.0752746263281108,6.0
2022-02-13,27479963.0,54220,638362,314,152226.14285714287,822.0,0.9810638664141849,6.0
2022-02-14,27538503.0,58540,638835,473,150839.92857142858,835.5,0.958640321500335,6.0
2022-02-15,27659052.0,120549,639689,854,145631.64285714287,830.1428571428571,0.7743511450381679,6.0
2022-02-16,27806786.0,147734,640774,1085,143833.85714285713,843.8571428571429,0.6627726952850106,6.0
2022-02-17,27937835.0,131049,641902,1128,131879.64285714287,850.0714285714286,0.5265520779887121,6.0
2022-02-18,28058862.0,121027,643029,1127,127359.35714285714,895.3571428571429,0.5805068717690077,6.0
2022-02-19,28167587.0,108725,643880,851,121022.42857142857,862.7142857142857,0.34185090545494934,6.0
2022-02-20,28208212.0,40625,644286,406,119657.28571428571,863.7857142857143,0.32948548812664924,6.0
2022-02-21,28245551.0,37339,644604,318,117568.42857142857,855.9285714285714,0.29336211548839713,6.0
2022-02-22,28351327.0,105776,645420,816,112479.07142857143,829.2857142857143,0.16484398515099832,6.0
2022-02-23,28484890.0,133563,646419,999,109246.85714285714,810.3571428571429,0.06415908451364792,6.0
2022-02-24,28578647.0,93757,647390,971,104224.78571428571,812.3571428571429,0.040340285400658614,6.0
2022-02-25,28670242.0,91595,648160,770,98909.5,786.2857142857143,-0.023074192403265865,6.0
2022-02-26,28744050.0,73808,648913,753,94164.78571428571,776.0714285714286,-0.057185005206525495,6.0
2022-02-27,28768104.0,24054,649134,221,92010.07142857143,769.4285714285714,-0.06395550921098364,6.0
2022-02-28,28787620.0,19516,649333,199,89222.64285714286,749.8571428571429,-0.10250491579037356,6.0
2022-03-01,28811165.0,23545,649630,297,82293.78571428571,710.0714285714286,-0.14463947685424194,6.0
2022-03-02,28842160.0,30995,650000,370,73955.28571428571,659.0,-0.21906212967665484,6.0
2022-03-03,28904030.0,61870,650578,578,69013.92857142857,619.7142857142857,-0.27098563145954124,6.0
2022-03-04,28973799.0,69769,651255,677,65352.642857142855,587.5714285714286,-0.34375747905863585,6.0
2022-03-05,29033052.0,59253,651927,672,61818.92857142857,574.7857142857143,-0.3337473091571451,6.0
2022-03-06,29049013.0,15961,652143,216,60057.21428571428,561.2142857142857,-0.35028528901017125,6.0
2022-03-07,29069469.0,20456,652341,198,58851.28571428572,552.6428571428571,-0.35433530835350086,6.0
2022-03-08,29138362.0,68893,652829,488,56216.78571428572,529.2142857142857,-0.36184323858742473,6.0
2022-03-09,29193268.0,54906,653498,669,50598.42857142857,505.64285714285717,-0.3760246804759806,6.0
2022-03-10,29249903.0,56635,654086,588,47946.857142857145,478.2857142857143,-0.4112371405961488,6.0
2022-03-11,29305114.0,55211,654556,470,45348.0,456.85714285714283,-0.418968023255814,6.0
2022-03-12,29350134.0,45020,654945,389,43291.71428571428,430.85714285714283,-0.44482282558674646,6.0
2022-03-13,29368776.0,18642,655078,133,42905.142857142855,424.57142857142856,-0.448199034533977,6.0
2022-03-14,29380063.0,11287,655249,171,42317.357142857145,422.57142857142856,-0.4364640883977901,6.0
2022-03-15,29432157.0,52094,655585,336,44356.57142857143,425.35714285714283,-0.40096569761593404,6.0
2022-03-16,29478039.0,45882,655940,355,45419.92857142857,424.2857142857143,-0.3561673531324518,6.0
2022-03-17,29527640.0,49601,656425,485,44543.57142857143,417.64285714285717,-0.3260719225449515,6.0
2022-03-18,29573112.0,45472,656798,373,42808.07142857143,395.92857142857144,-0.3261609530756139,6.0
2022-03-19,29617266.0,44154,657102,304,41729.57142857143,369.64285714285717,-0.35690319373679635,6.0
2022-03-20,29630484.0,13218,657205,103,41533.642857142855,361.57142857142856,-0.3557337406134657,6.0
2022-03-21,29641594.0,11110,657302,97,40866.07142857143,354.35714285714283,-0.3587953987333592,6.0
2022-03-22,29682615.0,41021,657696,394,38875.21428571428,347.64285714285717,-0.3430962343096233,6.0
2022-03-23,29729991.0,47376,657998,302,38337.357142857145,321.42857142857144,-0.3643169939256957,6.0
2022-03-24,29767681.0,37690,658310,312,36984.142857142855,301.7142857142857,-0.36917562724014336,6.0
2022-03-25,29802257.0,34576,658566,256,35510.21428571428,286.42857142857144,-0.37304565353345837,6.0
2022-03-26,29832179.0,29922,658762,196,34431.78571428572,272.64285714285717,-0.367208222811671,6.0
2022-03-27,29842418.0,10239,658879,117,33831.57142857143,271.5,-0.3605316285329744,6.0
2022-03-28,29852341.0,9923,658956,77,33734.142857142855,264.7857142857143,-0.37339418526031104,6.0
2022-03-29,29882397.0,30056,659241,285,32160.0,261.14285714285717,-0.3860621326616288,6.0
2022-03-30,29916334.0,33937,659504,263,31306.785714285714,254.57142857142858,-0.39999999999999997,6.0
2022-03-31,29947895.0,31561,659757,253,30018.214285714286,238.0,-0.4301351120232598,6.0
2022-04-01,29975165.0,27270,660002,245,28718.071428571428,228.85714285714286,-0.42197366047266827,6.0
2022-04-02,29992227.0,17062,660108,106,26782.928571428572,214.71428571428572,-0.4191304347826087,6.0
2022-04-03,29999437.0,7210,660147,39,26353.785714285714,210.14285714285714,-0.41880679573291185,6.0
2022-04-04,30012798.0,13361,660312,165,26514.571428571428,215.0,-0.39326748639387216,6.0
2022-04-05,30040129.0,27331,660528,216,25536.714285714286,202.28571428571428,-0.41812204643517575,6.0
2022-04-06,30067249.0,27120,660723,195,24089.85714285714,194.64285714285714,-0.3944444444444445,6.0
2022-04-07,30093751.0,26502,660973,250,23290.714285714286,190.21428571428572,-0.36955492424242425,6.0
2022-04-08,30123963.0,30212,661122,149,22979.0,182.57142857142858,-0.36259351620947633,6.0
2022-04-09,30145192.0,21229,661220,98,22358.071428571428,175.57142857142858,-0.3560387739062091,6.0
2022-04-10,30152402.0,7210,661258,38,22141.714285714286,169.92857142857142,-0.37411207576953437,6.0
2022-04-11,30161205.0,8803,661327,69,22061.714285714286,169.35714285714286,-0.36039924467224166,6.0
2022-04-12,30183929.0,22724,661493,166,21538.0,160.85714285714286,-0.3840262582056893,6.0
2022-04-13,30210853.0,26924,661656,163,21037.071428571428,153.71428571428572,-0.3961840628507295,6.0
2022-04-14,30234024.0,23171,661796,140,20437.785714285714,145.64285714285714,-0.3880552220888355,6.0
2022-04-15,30247302.0,13278,661907,111,19438.35714285714,136.07142857142858,-0.4054307116104868,6.0
2022-04-16,30250077.0,2775,661938,31,18417.85714285714,130.71428571428572,-0.3912175648702595,6.0
2022-04-17,30252618.0,2541,661960,22,18084.35714285714,129.5,-0.38375254928619984,6.0
2022-04-18,30261088.0,8470,662026,66,17735.0,122.42857142857143,-0.4305647840531561,6.0
2022-04-19,30275219.0,14131,662151,125,16792.14285714286,115.92857142857143,-0.4269067796610169,6.0
2022-04-20,30311969.0,36750,662414,263,17480.0,120.78571428571429,-0.3794495412844036,6.0
2022-04-21,30330629.0,18660,662506,92,16919.85714285714,109.5,-0.424333458505445,6.0
2022-04-22,30338697.0,8068,662557,51,15338.142857142857,102.5,-0.43857589984350553,6.0
2022-04-23,30345654.0,6957,662610,53,14318.714285714286,99.28571428571429,-0.43449959316517495,6.0
2022-04-24,30349463.0,3809,662646,36,14075.785714285714,99.14285714285714,-0.4165615804960067,6.0
2022-04-25,30355919.0,6456,662722,76,13908.142857142857,99.64285714285714,-0.411640657950232,6.0
2022-04-26,30378061.0,22142,662866,144,13866.57142857143,98.07142857142857,-0.39031971580817054,6.0
2022-04-27,30399004.0,20943,663111,245,13439.357142857143,103.92857142857143,-0.3238847583643123,6.0
2022-04-28,30418920.0,19916,663225,114,13206.857142857143,102.07142857142857,-0.29916625796959295,6.0
2022-04-29,30433042.0,14122,663410,185,13267.142857142857,107.35714285714286,-0.21102362204724415,6.0
2022-04-30,30448236.0,15194,663497,87,14154.214285714286,111.35714285714286,-0.14808743169398908,6.0
2022-05-01,30454499.0,6263,663513,16,14420.07142857143,110.92857142857143,-0.14340871483728626,6.0
2022-05-02,30460997.0,6498,663602,89,14279.214285714286,112.57142857142857,-0.08051341890315056,6.0
2022-05-03,30482429.0,21432,663694,92,14800.714285714286,110.21428571428571,-0.0492914356130623,6.0
2022-05-04,30502501.0,20072,663759,65,13609.42857142857,96.07142857142857,-0.20461265523358965,6.0
2022-05-05,30524183.0,21682,663896,137,13825.285714285714,99.28571428571429,-0.09328114807566856,6.0
2022-05-06,30543908.0,19725,664091,195,14657.92857142857,109.57142857142857,0.0689895470383275,6.0
2022-05-07,30558530.0,14622,664126,35,15205.42857142857,108.28571428571429,0.09064748201438848,6.0
2022-05-08,30564536.0,6006,664139,13,15362.357142857143,106.64285714285714,0.07564841498559079,6.0
2022-05-09,30574245.0,9709,664192,53,15594.714285714286,105.0,0.053763440860215096,6.0
2022-05-10,30594388.0,20143,664390,198,15451.92857142857,108.85714285714286,0.10997815003641667,6.0
2022-05-11,30617786.0,23398,664516,126,15627.285714285714,100.35714285714286,-0.03436426116838486,6.0
2022-05-12,30639130.0,21344,664641,125,15729.285714285714,101.14285714285714,-0.009097270818754393,6.0
2022-05-13,30664739.0,25609,664780,139,16549.785714285714,97.85714285714286,-0.0884896872920825,6.0
2022-05-14,30682094.0,17355,664872,92,16704.14285714286,98.21428571428571,-0.11802437459910207,6.0
2022-05-15,30688390.0,6296,664918,46,16706.5,100.35714285714286,-0.09529942047649709,6.0
2022-05-16,30701900.0,13510,664987,69,17207.35714285714,98.92857142857143,-0.12119289340101519,6.0
2022-05-17,30728286.0,26386,665216,229,17561.214285714286,108.71428571428571,-0.013609850939727804,6.0
2022-05-18,30741811.0,13525,665319,103,17093.571428571428,111.42857142857143,0.15985130111524168,6.0
2022-05-19,30752226.0,10415,665433,114,16288.785714285714,109.78571428571429,0.10575539568345323,6.0
2022-05-20,30762413.0,10187,665493,60,15607.5,100.14285714285714,-0.08604954367666234,6.0
2022-05-21,30778607.0,16194,665528,35,15719.785714285714,100.14285714285714,-0.07519788918205814,6.0
2022-05-22,30791220.0,12613,665627,99,16191.714285714286,106.28571428571429,-0.003348961821835136,6.0
2022-05-23,30803995.0,12775,665666,39,16410.714285714286,105.28571428571429,0.0027210884353742076,6.0
2022-05-24,30836815.0,32820,665905,239,17316.214285714286,108.21428571428571,-0.005905511811023715,6.0
2022-05-25,30846602.0,9787,666037,132,16344.0,108.64285714285714,0.08256227758007109,6.0
2022-05-26,30880512.0,33910,666180,143,17241.571428571428,109.92857142857143,0.08686440677966108,6.0
2022-05-27,30921145.0,40633,666319,139,18314.714285714286,109.92857142857143,0.12335766423357662,6.0
2022-05-28,30945384.0,24239,666391,72,18806.428571428572,108.5,0.1047272727272728,6.0
2022-05-29,30953579.0,8195,666453,62,18942.071428571428,109.64285714285714,0.09252669039145898,6.0
2022-05-30,30977661.0,24082,666516,63,19697.214285714286,109.21428571428571,0.10397111913357392,6.0
2022-05-31,31019038.0,41377,666676,160,20768.0,104.28571428571429,-0.040735873850197,6.0
2022-06-01,31060017.0,40979,666801,125,22729.0,105.85714285714286,-0.04999999999999998,6.0
2022-06-02,31101290.0,41273,666928,127,24933.14285714286,106.78571428571429,-0.027325959661678594,6.0
2022-06-03,31137479.0,36189,666971,43,26790.428571428572,105.57142857142857,0.05420827389443654,6.0
2022-06-04,31153069.0,15590,666997,26,26747.285714285714,104.92857142857143,0.04778887303851647,6.0
2022-06-05,31159335.0,6266,667005,8,26293.928571428572,98.42857142857143,-0.07392473118279573,6.0
2022-06-06,31195118.0,35783,667041,36,27937.35714285714,98.21428571428571,-0.06716417910447772,6.0
2022-06-07,31266163.0,71045,667348,307,30667.714285714286,103.07142857142857,-0.04752475247524749,6.0
2022-06-08,31315777.0,49614,667647,299,33512.5,115.0,0.0585141354372124,6.0
2022-06-09,31360850.0,45073,667790,143,34309.857142857145,115.0,0.046133853151396995,6.0
2022-06-10,31417341.0,56491,667960,170,35442.57142857143,117.21428571428571,0.06627680311890831,6.0
2022-06-11,31445137.0,27796,668074,114,35696.642857142855,120.21428571428571,0.10796576695194202,6.0
2022-06-12,31456865.0,11728,668110,36,35949.0,118.35714285714286,0.0794788273615636,6.0
2022-06-13,31497038.0,40173,668180,70,37098.357142857145,118.85714285714286,0.08829300196206681,6.0
2022-06-14,31541479.0,44441,668354,174,37317.21428571428,119.85714285714286,0.14931506849315065,6.0
2022-06-15,31611769.0,70290,668693,339,39410.857142857145,135.14285714285714,0.2766531713900134,6.0
2022-06-16,31644703.0,32934,668844,151,38815.21428571428,136.85714285714286,0.2816053511705685,6.0
2022-06-17,31673375.0,28672,668916,72,38278.28571428572,138.92857142857142,0.31596752368064945,6.0
2022-06-18,31693502.0,20127,669010,94,38602.357142857145,143.78571428571428,0.37031994554118436,6.0
2022-06-19,31704193.0,10691,669065,55,38918.42857142857,147.14285714285714,0.49492017416545714,6.0
2022-06-20,31754465.0,50272,669161,96,39953.357142857145,151.42857142857142,0.5418181818181818,6.0
2022-06-21,31818827.0,64362,669390,229,39476.0,145.85714285714286,0.41510741510741517,6.0
2022-06-22,31890733.0,71906,669530,140,41068.28571428572,134.5,0.16956521739130434,6.0
2022-06-23,31962782.0,72049,669895,365,42995.142857142855,150.35714285714286,0.30745341614906835,6.0
2022-06-24,32023166.0,60384,670229,334,43273.21428571428,162.07142857142858,0.3826934795856187,6.0
2022-06-25,32061959.0,38793,670369,140,44058.71428571428,163.92857142857142,0.3636363636363636,6.0
2022-06-26,32078638.0,16679,670405,36,44412.357142857145,163.92857142857142,0.3850331925165961,6.0
2022-06-27,32130316.0,51678,670532,127,45234.142857142855,168.0,0.41346153846153844,6.0
2022-06-28,32206954.0,76638,670848,316,47533.92857142857,178.14285714285714,0.4862932061978545,6.0
2022-06-29,32282879.0,75925,671125,277,47936.42857142857,173.71428571428572,0.2854122621564483,6.0
2022-06-30,32358018.0,75139,671416,291,50951.07142857143,183.71428571428572,0.3423799582463466,6.0
2022-07-01,32434063.0,76045,671700,284,54334.857142857145,198.85714285714286,0.43136246786632404,6.0
2022-07-02,32471847.0,37784,671858,158,55596.07142857143,203.42857142857142,0.41480377545951314,6.0
2022-07-03,32490422.0,18575,671911,53,56159.21428571428,203.28571428571428,0.3815533980582524,6.0
2022-07-04,32535923.0,45501,672033,122,55818.42857142857,205.14285714285714,0.35471698113207556,6.0
2022-07-05,32610514.0,74591,672429,396,56549.07142857143,217.07142857142858,0.4882468168462292,6.0
2022-07-06,32687680.0,77166,672790,361,56924.78571428572,232.85714285714286,0.7312798725438131,6.0
2022-07-07,32759730.0,72050,673073,283,56924.857142857145,227.0,0.5097387173396675,6.0
2022-07-08,32830844.0,71114,673339,266,57691.28571428572,222.14285714285714,0.37064786249449083,6.0
2022-07-09,32874501.0,43657,673554,215,58038.71428571428,227.5,0.3877995642701526,6.0
2022-07-10,32896464.0,21963,673610,56,58416.142857142855,228.92857142857142,0.3965141612200436,6.0
2022-07-11,32940507.0,44043,673758,148,57870.78571428572,230.42857142857142,0.37159863945578225,6.0
2022-07-12,33004555.0,64048,674102,344,56971.5,232.42857142857142,0.3047313552526062,6.0
2022-07-13,33076779.0,72224,674482,380,56707.142857142855,239.78571428571428,0.380345394736842,6.0
2022-07-14,33142158.0,65379,674779,297,56010.0,240.21428571428572,0.30754276827371696,6.0
2022-07-15,33250117.0,107959,675090,311,58289.57142857143,242.14285714285714,0.2176724137931034,6.0
2022-07-16,33290266.0,40149,675295,205,58458.5,245.5,0.20681179775280906,6.0
2022-07-17,33301118.0,10852,675350,55,57906.857142857145,245.64285714285714,0.20836261419536195,6.0
2022-07-18,33339815.0,38697,675518,168,57420.857142857145,248.92857142857142,0.21344011142061278,6.0
2022-07-19,33397814.0,57999,675871,353,56235.71428571428,245.85714285714286,0.13260941099045734,6.0
2022-07-20,33454294.0,56480,676217,346,54758.142857142855,244.78571428571428,0.05122699386503062,6.0
2022-07-21,33505727.0,51433,676486,269,53285.5,243.78571428571428,0.07394587791063559,6.0
2022-07-22,33555526.0,49799,676766,280,51763.0,244.78571428571428,0.10192926045016075,6.0
2022-07-23,33581533.0,26007,676927,161,50502.28571428572,240.92857142857142,0.059026687598116113,6.0
2022-07-24,33591356.0,9823,676964,37,49635.142857142855,239.57142857142858,0.046489859594383884,6.0
2022-07-25,33621965.0,30609,677143,179,48675.57142857143,241.78571428571428,0.04928704277743337,6.0
2022-07-26,33659879.0,37914,677494,351,46808.857142857145,242.28571428571428,0.042409342347879554,6.0
2022-07-27,33704393.0,44514,677804,310,44829.57142857143,237.28571428571428,-0.010425975573428658,6.0
2022-07-28,33748985.0,44592,678069,265,43344.78571428572,235.0,-0.02170680939637232,6.0
2022-07-29,33790698.0,41713,678313,244,38612.92857142857,230.21428571428572,-0.04926253687315629,6.0
2022-07-30,33813587.0,22889,678486,173,37380.07142857143,227.92857142857142,-0.07157404713412865,6.0
2022-07-31,33833900.0,20313,678514,28,38055.857142857145,226.0,-0.07996510613550449,6.0
2022-08-01,33855964.0,22064,678715,201,36867.78571428572,228.35714285714286,-0.08263988522238157,6.0
2022-08-02,33890428.0,34464,679010,295,35186.71428571428,224.21428571428572,-0.08803021499128412,6.0
2022-08-03,33924061.0,33633,679275,265,33554.78571428572,218.42857142857142,-0.10767435074409107,6.0
2022-08-04,33964494.0,40433,679536,261,32769.07142857143,217.85714285714286,-0.10635804277761496,6.0
2022-08-05,33994470.0,29976,679758,222,31353.14285714286,213.71428571428572,-0.1269331777064487,6.0
2022-08-06,34011173.0,16703,679939,181,30688.571428571428,215.14285714285714,-0.10702638600652235,6.0
2022-08-07,34018371.0,7198,679996,57,30501.071428571428,216.57142857142858,-0.09600477042337507,6.0
2022-08-08,34035780.0,17409,680166,170,29558.214285714286,215.92857142857142,-0.10694239290989663,6.0
2022-08-09,34066000.0,30220,680531,365,29008.64285714286,216.92857142857142,-0.10465801886792454,6.0
2022-08-10,34096935.0,30935,680786,255,28038.714285714286,213.0,-0.1023479831426851,6.0
2022-08-11,34124579.0,27644,681006,220,26828.14285714286,209.78571428571428,-0.10729483282674776,6.0
2022-08-12,34148131.0,23552,681253,247,25530.928571428572,210.0,-0.08780639156065781,6.0
2022-08-13,34165857.0,17726,681400,147,25162.14285714286,208.14285714285714,-0.08680664368536506,6.0
2022-08-14,34170286.0,4429,681437,37,24027.571428571428,208.78571428571428,-0.07616940581542354,6.0
2022-08-15,34178240.0,7954,681557,120,23019.714285714286,203.0,-0.11104160150140759,6.0
2022-08-16,34201280.0,23040,681763,206,22203.714285714286,196.64285714285714,-0.12296909843899335,6.0
2022-08-17,34223207.0,21927,682010,247,21367.571428571428,195.35714285714286,-0.10562459123610196,6.0
2022-08-18,34245374.0,22167,682216,206,20062.85714285714,191.42857142857142,-0.12131147540983614,6.0
2022-08-19,34264237.0,18863,682358,142,19269.071428571428,185.71428571428572,-0.13101604278074866,6.0
2022-08-20,34279785.0,15548,682502,144,19186.571428571428,183.07142857142858,-0.14907038512616194,6.0
2022-08-21,34284864.0,5079,682549,47,19035.214285714286,182.35714285714286,-0.15798153034300794,6.0
2022-08-22,34291082.0,6218,682671,122,18235.85714285714,178.92857142857142,-0.17135296063513067,6.0
2022-08-23,34311323.0,20241,682874,203,17523.071428571428,167.35714285714286,-0.22851498189002298,6.0
2022-08-24,34329600.0,18277,683076,202,16618.928571428572,163.57142857142858,-0.2320590207914151,6.0
2022-08-25,34350639.0,21039,683233,157,16147.142857142857,159.07142857142858,-0.24174327545114052,6.0
2022-08-26,34368909.0,18270,683397,164,15769.857142857143,153.14285714285714,-0.27074829931972794,6.0
2022-08-27,34381295.0,12386,683472,75,15388.42857142857,148.0,-0.28894989704873025,6.0
2022-08-28,34384747.0,3452,683494,22,15318.642857142857,146.92857142857142,-0.29627095449880264,6.0
2022-08-29,34397205.0,12458,683622,128,15640.357142857143,147.5,-0.2733990147783251,6.0
2022-08-30,34414011.0,16806,683851,229,15195.07142857143,149.14285714285714,-0.24155466763530695,6.0
2022-08-31,34429853.0,15842,683965,114,14760.42857142857,139.64285714285714,-0.28519195612431447,6.0
2022-09-01,34444674.0,14821,684147,182,14235.714285714286,137.92857142857142,-0.2794776119402985,6.0
2022-09-02,34456145.0,11471,684262,115,13707.714285714286,136.0,-0.26769230769230773,6.0
2022-09-03,34467867.0,11722,684354,92,13434.42857142857,132.28571428571428,-0.2774092859929771,6.0
2022-09-04,34470776.0,2909,684369,15,13279.42857142857,130.0,-0.28711320015667846,6.0
2022-09-05,34477539.0,6763,684425,56,13318.357142857143,125.28571428571429,-0.29980039920159673,6.0
2022-09-06,34490931.0,13392,684580,155,12829.142857142857,121.85714285714286,-0.2718736662398634,6.0
2022-09-07,34499823.0,8892,684637,57,12158.785714285714,111.5,-0.31834061135371183,6.0
2022-09-08,34504029.0,4206,684722,85,10956.42857142857,106.35714285714286,-0.33138751683879664,6.0
2022-09-09,34516739.0,12710,684813,91,10559.285714285714,101.14285714285714,-0.3395522388059702,6.0
2022-09-10,34526148.0,9409,684853,40,10346.642857142857,98.64285714285714,-0.3334942084942085,6.0
2022-09-11,34528625.0,2477,684860,7,10277.0,97.57142857142857,-0.3359261059795819,6.0
2022-09-12,34533957.0,5332,684898,38,9768.0,91.14285714285714,-0.38208232445520585,6.0
2022-09-13,34544377.0,10420,685002,104,9311.857142857143,82.21428571428571,-0.44875478927203066,6.0
2022-09-14,34558902.0,14525,685121,119,9217.785714285714,82.57142857142857,-0.408695652173913,6.0
2022-09-15,34568833.0,9931,685203,82,8868.5,75.42857142857143,-0.45313309166235105,6.0
2022-09-16,34579085.0,10252,685300,97,8781.42857142857,74.14285714285714,-0.4548319327731093,6.0
2022-09-17,34582063.0,2978,685334,34,8156.857142857143,70.0,-0.4708423326133909,6.0
2022-09-18,34587047.0,4984,685376,42,8305.07142857143,71.92857142857143,-0.44670329670329667,6.0
2022-09-19,34592027.0,4980,685428,52,8177.714285714285,71.64285714285714,-0.42816419612314716,6.0
2022-09-20,34600768.0,8741,685518,90,7845.5,67.0,-0.4501758499413834,6.0
2022-09-21,34607947.0,7179,685604,86,7723.142857142857,69.07142857142857,-0.38052530429212045,6.0
2022-09-22,34616655.0,8708,685677,73,8044.714285714285,68.21428571428571,-0.358629952988583,6.0
2022-09-23,34624427.0,7772,685750,73,7692.0,66.92857142857143,-0.33827683615819204,6.0
2022-09-24,34630994.0,6567,685782,32,7489.0,66.35714285714286,-0.32729905865314984,6.0
2022-09-25,34632220.0,1226,685805,23,7399.642857142857,67.5,-0.30819912152269396,6.0
2022-09-26,34638288.0,6068,685835,30,7452.214285714285,66.92857142857143,-0.26567398119122254,6.0
2022-09-27,34646577.0,8289,685881,46,7300.0,62.785714285714285,-0.23631624674196347,6.0
2022-09-28,34654190.0,7613,685927,46,6806.285714285715,57.57142857142857,-0.30276816608996543,6.0
2022-09-29,34663731.0,9541,685978,51,6778.428571428572,55.357142857142854,-0.2660984848484849,6.0
2022-09-30,34672524.0,8793,686036,58,6674.214285714285,52.57142857142857,-0.2909441233140655,6.0
2022-10-01,34678510.0,5986,686254,218,6889.071428571428,65.71428571428571,-0.061224489795918456,6.0
2022-10-02,34679533.0,1023,686320,66,6606.142857142857,67.42857142857143,-0.06256206554121152,6.0
2022-10-03,34684529.0,4996,686371,51,6607.285714285715,67.35714285714286,-0.059820538384845356,6.0
2022-10-04,34691896.0,7367,686464,93,6509.142857142857,67.57142857142857,0.008528784648187604,6.0
2022-10-05,34699017.0,7121,686573,109,6505.0,69.21428571428571,0.002068252326783809,6.0
2022-10-06,34707233.0,8216,686706,133,6469.857142857143,73.5,0.0774869109947645,6.0
2022-10-07,34715137.0,7904,686803,97,6479.285714285715,75.21428571428571,0.1237993596584844,6.0
2022-10-08,34719025.0,3888,686842,39,6287.928571428572,75.71428571428571,0.14101184068891265,6.0
2022-10-09,34719507.0,482,686851,9,6234.785714285715,74.71428571428571,0.1068783068783068,6.0
2022-10-10,34724189.0,4682,686877,26,6135.785714285715,74.42857142857143,0.11205976520811099,6.0
2022-10-11,34731539.0,7350,686963,86,6068.714285714285,77.28571428571429,0.23094425483503994,6.0
2022-10-12,34736653.0,5114,687026,63,5890.214285714285,78.5,0.3635235732009926,6.0
2022-10-13,34739865.0,3212,687069,43,5438.142857142857,77.92857142857143,0.40774193548387105,6.0
2022-10-14,34746462.0,6597,687144,75,5281.285714285715,79.14285714285714,0.5054347826086957,6.0
2022-10-15,34748678.0,2216,687153,9,5012.0,64.21428571428571,-0.022826086956521743,6.0
2022-10-16,34749058.0,380,687155,2,4966.071428571428,59.642857142857146,-0.11546610169491524,6.0
2022-10-17,34754590.0,5532,687243,88,5004.357142857143,62.285714285714285,-0.07529162248144228,6.0
2022-10-18,34762873.0,8283,687326,83,5069.785714285715,61.57142857142857,-0.08879492600422834,6.0
2022-10-19,34771320.0,8447,687423,97,5164.5,60.714285714285715,-0.12280701754385956,6.0
2022-10-20,34776259.0,4939,687483,60,4930.428571428572,55.5,-0.24489795918367346,6.0
2022-10-21,34780462.0,4203,687527,44,4666.071428571428,51.714285714285715,-0.31244064577397906,6.0
2022-10-22,34782150.0,1688,687566,39,4508.928571428572,51.714285714285715,-0.3169811320754716,6.0
2022-10-23,34783786.0,1636,687574,8,4591.357142857143,51.642857142857146,-0.3087954110898661,6.0
2022-10-24,34793309.0,9523,687666,92,4937.142857142857,56.357142857142854,-0.2428023032629559,6.0
2022-10-25,34799324.0,6015,687710,44,4841.785714285715,53.357142857142854,-0.3096118299445472,6.0
2022-10-26,34807075.0,7751,687907,197,5030.142857142857,62.92857142857143,-0.19836214740673336,6.0
2022-10-27,34815258.0,8183,687962,55,5385.214285714285,63.785714285714285,-0.18148487626031168,6.0
2022-10-28,34822227.0,6969,688080,118,5411.785714285715,66.85714285714286,-0.1552346570397111,6.0
2022-10-29,34824069.0,1842,688091,11,5385.071428571428,67.0,0.043381535038932245,6.0
2022-10-30,34824866.0,797,688092,1,5414.857142857143,66.92857142857143,0.12215568862275447,6.0
2022-10-31,34828749.0,3883,688157,65,5297.071428571428,65.28571428571429,0.04816513761467901,6.0
2022-11-01,34837035.0,8286,688219,62,5297.285714285715,63.785714285714285,0.03596287703016243,6.0
2022-11-02,34839337.0,2302,688228,9,4858.357142857143,57.5,-0.05294117647058825,6.0
2022-11-03,34846308.0,6971,688267,39,5003.5,56.0,0.009009009009009009,6.0
2022-11-04,34849063.0,2755,688332,65,4900.071428571428,57.5,0.11187845303867401,6.0
2022-11-05,34850373.0,1310,688342,10,4873.071428571428,55.42857142857143,0.07182320441988953,6.0
2022-11-06,34851450.0,1077,688348,6,4833.142857142857,55.285714285714285,0.07053941908713685,6.0
2022-11-07,34855492.0,4042,688395,47,4441.642857142857,52.07142857142857,-0.07604562737642584,6.0
2022-11-08,34868153.0,12661,688487,92,4916.357142857143,55.5,0.04016064257028119,6.0
2022-11-09,34877559.0,9406,688567,80,5034.571428571428,47.142857142857146,-0.25085130533484673,6.0
2022-11-10,34889576.0,12017,688607,40,5308.428571428572,46.07142857142857,-0.2777155655095185,6.0
2022-11-11,34908198.0,18622,688656,49,6140.785714285715,41.142857142857146,-0.3846153846153846,6.0
2022-11-12,34911937.0,3739,688654,-2,6276.285714285715,40.214285714285715,-0.3997867803837953,6.0
2022-11-13,34912931.0,994,688658,4,6290.357142857143,40.42857142857143,-0.39594450373532547,6.0
2022-11-14,34921054.0,8123,688694,36,6593.214285714285,38.357142857142854,-0.4124726477024071,6.0
2022-11-15,34923127.0,2073,688702,8,6149.428571428572,34.5,-0.45912653975363943,6.0
2022-11-16,34938073.0,14946,688764,62,7052.571428571428,38.285714285714285,-0.3341614906832298,6.0
2022-11-17,34971043.0,32970,688835,71,8909.642857142857,40.57142857142857,-0.2755102040816327,6.0
2022-11-18,34999495.0,28452,688907,72,10745.142857142857,41.07142857142857,-0.28571428571428575,6.0
2022-11-19,35007209.0,7714,688920,13,11202.57142857143,41.285714285714285,-0.25515463917525777,6.0
2022-11-20,35011534.0,4325,688928,8,11434.57142857143,41.42857142857143,-0.2506459948320413,6.0
2022-11-21,35035294.0,23760,689039,111,12843.0,46.0,-0.11659807956104248,6.0
2022-11-22,35052152.0,16858,689155,116,13142.785714285714,47.714285714285715,-0.14028314028314026,6.0
2022-11-23,35082036.0,29884,689272,117,14605.5,50.357142857142854,0.06818181818181805,6.0
2022-11-24,35104673.0,22637,689341,69,15364.07142857143,52.42857142857143,0.1379844961240311,6.0
2022-11-25,35149503.0,44830,689442,101,17236.071428571428,56.142857142857146,0.3645833333333333,6.0
2022-11-26,35163004.0,13501,689468,26,17933.35714285714,58.142857142857146,0.4458259325044405,6.0
2022-11-27,35168201.0,5197,689479,11,18233.571428571428,58.642857142857146,0.450530035335689,6.0
2022-11-28,35188586.0,20385,689536,57,19109.428571428572,60.142857142857146,0.5679702048417135,6.0
2022-11-29,35232625.0,44039,689665,129,22107.0,68.78571428571429,0.9937888198757766,6.0
2022-11-30,35266159.0,33534,689801,136,23434.714285714286,74.07142857142857,0.9347014925373134,6.0
2022-12-01,35302137.0,35978,689945,144,23649.571428571428,79.28571428571429,0.9542253521126763,6.0
2022-12-02,35337546.0,35409,690074,129,24146.5,83.35714285714286,1.0295652173913046,6.0
2022-12-03,35361773.0,24227,690109,35,25326.0,84.92857142857143,1.0570934256055364,6.0
2022-12-04,35369105.0,7332,690124,15,25540.785714285714,85.42857142857143,1.0620689655172413,6.0
2022-12-05,35396191.0,27086,690229,105,25778.35714285714,85.0,0.8478260869565217,6.0
2022-12-06,35452099.0,55908,690409,180,28567.64285714286,89.57142857142857,0.8772455089820358,6.0
2022-12-07,35497781.0,45682,690577,168,29696.071428571428,93.21428571428571,0.851063829787234,6.0
2022-12-08,35531716.0,33935,690677,100,30503.071428571428,95.42857142857143,0.8201634877384196,6.0
2022-12-09,35531716.0,0,690677,0,27300.928571428572,88.21428571428571,0.5712468193384223,6.0
2022-12-10,35570761.0,39045,690747,70,29125.5,91.35714285714286,0.5712530712530712,6.0
2022-12-11,35577538.0,6777,690754,7,29238.35714285714,91.07142857142857,0.5529841656516442,6.0
2022-12-12,35643770.0,66232,691015,261,32513.14285714286,105.64285714285714,0.7565320665083134,6.0
2022-12-13,35696918.0,53148,691178,163,33163.78571428572,108.07142857142857,0.5711318795430943,6.0
2022-12-14,35751411.0,54493,691449,271,34660.857142857145,117.71428571428571,0.5891996142719382,6.0
2022-12-15,35809832.0,58421,691652,203,36263.92857142857,121.92857142857143,0.5378378378378378,6.0
2022-12-16,35869526.0,59694,691810,158,37998.57142857143,124.0,0.4875749785775492,6.0
2022-12-17,35892110.0,22584,691863,53,37881.21428571428,125.28571428571429,0.47518923465096724,6.0
2022-12-18,35901978.0,9868,691883,20,38062.357142857145,125.64285714285714,0.47073578595317717,6.0
2022-12-19,35945063.0,43085,692041,158,39205.142857142855,129.42857142857142,0.5226890756302519,6.0
2022-12-20,36001760.0,56697,692280,239,39261.5,133.64285714285714,0.4920255183413078,6.0
2022-12-21,36044441.0,42681,692461,181,39047.142857142855,134.57142857142858,0.44367816091954043,6.0
2022-12-22,36092845.0,48404,692652,191,40080.642857142855,141.07142857142858,0.4782934131736528,6.0
2022-12-23,36124337.0,31492,692743,91,42330.07142857143,147.57142857142858,0.6728744939271257,6.0
2022-12-24,36124337.0,0,692743,0,39541.142857142855,142.57142857142858,0.5605942142298671,6.0
2022-12-25,36124337.0,0,692743,0,39057.07142857143,142.07142857142858,0.5600000000000002,6.0
2022-12-26,36190389.0,66052,692969,226,39044.21428571428,139.57142857142858,0.321162947937796,6.0
2022-12-27,36226287.0,35898,693199,230,37812.07142857143,144.35714285714286,0.3357567746199604,6.0
2022-12-28,36264721.0,38434,693562,363,36665.0,150.92857142857142,0.28216019417475724,6.0
2022-12-29,36302415.0,37694,693734,172,35184.5,148.71428571428572,0.21968365553602817,6.0
2022-12-30,36331281.0,28866,693853,119,32982.5,145.92857142857142,0.17684331797235014,6.0
2022-12-31,36331281.0,0,693853,0,31369.35714285714,142.14285714285714,0.13454960091220058,6.0
